system:index,LST_celsius,NDMI,NDVI,date,district,is_complete_month,month,rainfall_mm,sentinel_image_count,year,.geo,NDVI_hist_mean,NDVI_hist_std,NDVI_zscore
0,31.29931741912433,0.0111452172224169,0.3228662383818048,2019-01,Pune_Baramati,1,1.0,0.0007179549215499116,53,2019.0,"{""type"":""MultiPoint"",""coordinates"":[]}",0.3469626313519308,0.020366095229241037,-1.1831621476231298
1,35.701050830265885,-0.017381930355299,0.2900047559463604,2019-02,Pune_Baramati,1,2.0,0.0539617669861789,48,2019.0,"{""type"":""MultiPoint"",""coordinates"":[]}",0.3350789296740247,0.02361305689428185,-1.9088665194627765
2,42.56800743366793,-0.0360574504527984,0.263571513131203,2019-03,Pune_Baramati,1,3.0,0.0,66,2019.0,"{""type"":""MultiPoint"",""coordinates"":[]}",0.2765996414685692,0.02798377527801224,-0.4655600685731221
3,45.44401465604473,-0.0504247039401789,0.2520500098738545,2019-04,Pune_Baramati,1,4.0,7.421452857259333,55,2019.0,"{""type"":""MultiPoint"",""coordinates"":[]}",0.2650395004903309,0.025998839312470167,-0.49961809680657926
4,45.22699903493918,-0.0393387016511828,0.2430105155157624,2019-05,Pune_Baramati,1,5.0,0.1036993480677814,55,2019.0,"{""type"":""MultiPoint"",""coordinates"":[]}",0.2679532831415513,0.030702566407763168,-0.8124000871628154
5,38.83682130305392,-0.0360597166908954,0.1843272959486477,2019-06,Pune_Baramati,1,6.0,164.72106523474775,57,2019.0,"{""type"":""MultiPoint"",""coordinates"":[]}",0.24845134741723832,0.082154023648494,-0.7805345206578462
6,32.46441580145481,0.0703021870046697,0.3236074507926658,2019-07,Pune_Baramati,1,7.0,345.3969307184776,56,2019.0,"{""type"":""MultiPoint"",""coordinates"":[]}",0.2456397907400507,0.15871660939864818,0.49123819081079195
7,30.8959396747745,0.1141187863546043,0.3700390563305765,2019-08,Pune_Baramati,1,8.0,129.05747355161623,57,2019.0,"{""type"":""MultiPoint"",""coordinates"":[]}",0.278281539074985,0.13700079195920506,0.6697590279836797
8,31.120673280337407,0.1126269374811822,0.4031943425625997,2019-09,Pune_Baramati,1,9.0,334.609965725404,55,2019.0,"{""type"":""MultiPoint"",""coordinates"":[]}",0.3385222687634342,0.12129138559666672,0.5331959353999065
9,29.13823870012824,0.1526966634697915,0.4653656558980368,2019-10,Pune_Baramati,1,10.0,196.96988998746585,51,2019.0,"{""type"":""MultiPoint"",""coordinates"":[]}",0.4421638576614109,0.08632580639655728,0.2687701303367284
10,29.557815434076385,0.1223271899244771,0.4586642283499938,2019-11,Pune_Baramati,1,11.0,40.17335842176219,58,2019.0,"{""type"":""MultiPoint"",""coordinates"":[]}",0.4209936525107268,0.07401388483990923,0.5089663367994781
11,29.185837170253595,0.0564822969918517,0.4008748282583387,2019-12,Pune_Baramati,1,12.0,3.081531453843682,69,2019.0,"{""type"":""MultiPoint"",""coordinates"":[]}",0.3989519857628239,0.019853132360309975,0.09685335596507119
12,29.55416050796756,0.0288418112345655,0.3584518551557215,2020-01,Pune_Baramati,1,1.0,0.0007179564108534529,60,2020.0,"{""type"":""MultiPoint"",""coordinates"":[]}",0.3469626313519308,0.020366095229241037,0.564134836573621
13,33.59178857569246,-0.004822178944817,0.3294854672761124,2020-02,Pune_Baramati,1,2.0,0.080520997584528,65,2020.0,"{""type"":""MultiPoint"",""coordinates"":[]}",0.3350789296740247,0.02361305689428185,-0.23688006271084805
14,38.73524833563554,-0.024665474545794,0.3018154118347091,2020-03,Pune_Baramati,1,3.0,1.2263638082895194,56,2020.0,"{""type"":""MultiPoint"",""coordinates"":[]}",0.2765996414685692,0.02798377527801224,0.9010853652027706
15,43.45433814711053,-0.0375614088933873,0.2944012333682496,2020-04,Pune_Baramati,1,4.0,9.645923248940592,57,2020.0,"{""type"":""MultiPoint"",""coordinates"":[]}",0.2650395004903309,0.025998839312470167,1.1293478345333479
16,42.56795256514975,-0.0235865437313077,0.2933497939309125,2020-05,Pune_Baramati,1,5.0,16.231033708038122,50,2020.0,"{""type"":""MultiPoint"",""coordinates"":[]}",0.2679532831415513,0.030702566407763168,0.8271787593280685
17,33.165028981520706,0.0705439483474025,0.3261568719154847,2020-06,Pune_Baramati,1,6.0,275.0635840998798,54,2020.0,"{""type"":""MultiPoint"",""coordinates"":[]}",0.24845134741723832,0.082154023648494,0.945851719091921
18,29.11930821904667,0.1196252052905109,0.3723871711402303,2020-07,Pune_Baramati,1,7.0,283.0214835898876,58,2020.0,"{""type"":""MultiPoint"",""coordinates"":[]}",0.2456397907400507,0.15871660939864818,0.7985766636548318
19,29.466439077897327,0.1617706125754798,0.391408689597168,2020-08,Pune_Baramati,1,8.0,191.63302328727843,54,2020.0,"{""type"":""MultiPoint"",""coordinates"":[]}",0.278281539074985,0.13700079195920506,0.8257408508694539
20,31.460806574154372,0.1445484054969712,0.4393473456912525,2020-09,Pune_Baramati,1,9.0,332.9063709126156,54,2020.0,"{""type"":""MultiPoint"",""coordinates"":[]}",0.3385222687634342,0.12129138559666672,0.8312632956729049
21,30.50590293479114,0.1370530668276391,0.4717200974289899,2020-10,Pune_Baramati,1,10.0,213.9588715706765,62,2020.0,"{""type"":""MultiPoint"",""coordinates"":[]}",0.4421638576614109,0.08632580639655728,0.3423801178503408
22,30.78517351725125,0.0818626247863773,0.4552976536599813,2020-11,Pune_Baramati,1,11.0,6.805287453219898,53,2020.0,"{""type"":""MultiPoint"",""coordinates"":[]}",0.4209936525107268,0.07401388483990923,0.46348061885217207
23,29.70273123558665,0.0335878876572941,0.4048007521415543,2020-12,Pune_Baramati,1,12.0,8.032336963137402,58,2020.0,"{""type"":""MultiPoint"",""coordinates"":[]}",0.3989519857628239,0.019853132360309975,0.2946016916918931
24,30.68163724507809,0.0160994965711063,0.3400604447224731,2021-01,Pune_Baramati,1,1.0,1.6574122025784923,56,2021.0,"{""type"":""MultiPoint"",""coordinates"":[]}",0.3469626313519308,0.020366095229241037,-0.33890574269473756
25,33.77385310328215,-0.0115424096809669,0.353718558074572,2021-02,Pune_Baramati,1,2.0,0.0828573691828152,54,2021.0,"{""type"":""MultiPoint"",""coordinates"":[]}",0.3350789296740247,0.02361305689428185,0.7893780328400032
26,39.72603177595294,-0.0334357267527737,0.2980126792655202,2021-03,Pune_Baramati,1,3.0,0.0093630240695987,54,2021.0,"{""type"":""MultiPoint"",""coordinates"":[]}",0.2765996414685692,0.02798377527801224,0.7651947453200122
27,41.24443362923819,-0.0398022462379157,0.280399222560746,2021-04,Pune_Baramati,1,4.0,17.01342227722938,56,2021.0,"{""type"":""MultiPoint"",""coordinates"":[]}",0.2650395004903309,0.025998839312470167,0.590784914888408
28,39.04078903754885,-0.0237578621107408,0.2848979019240337,2021-05,Pune_Baramati,1,5.0,73.57185232268094,60,2021.0,"{""type"":""MultiPoint"",""coordinates"":[]}",0.2679532831415513,0.030702566407763168,0.551895843410599
29,31.096197866941317,0.0622142843740051,0.3393413058977328,2021-06,Pune_Baramati,1,6.0,143.0142021748259,61,2021.0,"{""type"":""MultiPoint"",""coordinates"":[]}",0.24845134741723832,0.082154023648494,1.1063360556675623
30,34.0683199317683,0.127140627433574,0.3900070375797094,2021-07,Pune_Baramati,1,7.0,272.6169116936892,63,2021.0,"{""type"":""MultiPoint"",""coordinates"":[]}",0.2456397907400507,0.15871660939864818,0.9095912985203191
31,31.613203012987764,0.1225135506566358,0.3264817961755822,2021-08,Pune_Baramati,1,8.0,143.40962668178557,62,2021.0,"{""type"":""MultiPoint"",""coordinates"":[]}",0.278281539074985,0.13700079195920506,0.35182466036364146
32,30.271071575793048,0.1052411311420353,0.3425232813203717,2021-09,Pune_Baramati,1,9.0,222.86827917872355,56,2021.0,"{""type"":""MultiPoint"",""coordinates"":[]}",0.3385222687634342,0.12129138559666672,0.03298678250937073
33,31.097655148724773,0.1294238436996398,0.4962531316939018,2021-10,Pune_Baramati,1,10.0,99.05512800496604,62,2021.0,"{""type"":""MultiPoint"",""coordinates"":[]}",0.4421638576614109,0.08632580639655728,0.6265713150019062
34,29.5182644572213,0.0909566866855144,0.3924657809136581,2021-11,Pune_Baramati,1,11.0,44.53753673486112,54,2021.0,"{""type"":""MultiPoint"",""coordinates"":[]}",0.4209936525107268,0.07401388483990923,-0.3854394571879859
35,27.62157473377069,0.0664687076389086,0.4237313782332912,2021-12,Pune_Baramati,1,12.0,28.83265138659363,62,2021.0,"{""type"":""MultiPoint"",""coordinates"":[]}",0.3989519857628239,0.019853132360309975,1.2481351567476477
36,28.358180897064592,0.0378516627222127,0.3612711545600655,2022-01,Pune_Baramati,1,1.0,0.0064126050712349,46,2022.0,"{""type"":""MultiPoint"",""coordinates"":[]}",0.3469626313519308,0.020366095229241037,0.7025658599293467
37,33.58274653975878,-0.0151937253801386,0.3487387922848156,2022-02,Pune_Baramati,1,2.0,0.0470705235226517,55,2022.0,"{""type"":""MultiPoint"",""coordinates"":[]}",0.3350789296740247,0.02361305689428185,0.5784876846715583
38,39.440240539672345,0.0191574544953698,0.2292349026887414,2022-03,Pune_Baramati,1,3.0,0.0127976046675931,54,2022.0,"{""type"":""MultiPoint"",""coordinates"":[]}",0.2765996414685692,0.02798377527801224,-1.6925785856007718
39,41.835532637669615,0.0467983327409907,0.2240517605252095,2022-04,Pune_Baramati,1,4.0,6.671082091049136,53,2022.0,"{""type"":""MultiPoint"",""coordinates"":[]}",0.2650395004903309,0.025998839312470167,-1.5765219159403754
40,38.822312515454605,0.0131284145931131,0.2219911972045805,2022-05,Pune_Baramati,1,5.0,14.343533976178454,54,2022.0,"{""type"":""MultiPoint"",""coordinates"":[]}",0.2679532831415513,0.030702566407763168,-1.4970112050746764
41,36.99308628594733,0.0623203696133628,0.1502929409825676,2022-06,Pune_Baramati,1,6.0,110.36755089060142,54,2022.0,"{""type"":""MultiPoint"",""coordinates"":[]}",0.24845134741723832,0.082154023648494,-1.1948094819391126
42,29.571065444416693,0.3344444175812025,0.0504656978010677,2022-07,Pune_Baramati,1,7.0,334.621221791053,55,2022.0,"{""type"":""MultiPoint"",""coordinates"":[]}",0.2456397907400507,0.15871660939864818,-1.22970175382694
43,29.36520095595436,0.1759401614980168,0.1127112013913313,2022-08,Pune_Baramati,1,8.0,189.2425350142327,54,2022.0,"{""type"":""MultiPoint"",""coordinates"":[]}",0.278281539074985,0.13700079195920506,-1.2085356246185486
44,28.879491858782117,0.2715912601327647,0.1628249533990944,2022-09,Pune_Baramati,1,9.0,280.14535067499423,54,2022.0,"{""type"":""MultiPoint"",""coordinates"":[]}",0.3385222687634342,0.12129138559666672,-1.4485555960964163
45,29.97956254880765,0.1899767392101535,0.2751013309360089,2022-10,Pune_Baramati,1,10.0,252.00778319995456,68,2022.0,"{""type"":""MultiPoint"",""coordinates"":[]}",0.4421638576614109,0.08632580639655728,-1.935255906651624
46,30.04803887876571,0.0909526904093911,0.4667872595580016,2022-11,Pune_Baramati,1,11.0,5.220670226092026,57,2022.0,"{""type"":""MultiPoint"",""coordinates"":[]}",0.4209936525107268,0.07401388483990923,0.6187164360623091
47,29.89845585334623,0.0575988795391604,0.3888683527509206,2022-12,Pune_Baramati,1,12.0,2.7750577142311297,54,2022.0,"{""type"":""MultiPoint"",""coordinates"":[]}",0.3989519857628239,0.019853132360309975,-0.5079114383009083
48,29.35043481906552,0.0290507872200627,0.3729655305287815,2023-01,Pune_Baramati,1,1.0,0.0064777020920511,61,2023.0,"{""type"":""MultiPoint"",""coordinates"":[]}",0.3469626313519308,0.020366095229241037,1.2767739168535621
49,34.49949149237081,0.0095745684475532,0.3475940943725747,2023-02,Pune_Baramati,1,2.0,0.0470705518476569,59,2023.0,"{""type"":""MultiPoint"",""coordinates"":[]}",0.3350789296740247,0.02361305689428185,0.5300103563287775
50,36.50737940942511,0.0329674661848257,0.2709670821769542,2023-03,Pune_Baramati,1,3.0,4.077445630939156,54,2023.0,"{""type"":""MultiPoint"",""coordinates"":[]}",0.2765996414685692,0.02798377527801224,-0.20127946410578404
51,40.22582435017363,0.0020205847616657,0.2557011894129731,2023-04,Pune_Baramati,1,4.0,20.467123439822487,54,2023.0,"{""type"":""MultiPoint"",""coordinates"":[]}",0.2650395004903309,0.025998839312470167,-0.3591818452017884
52,41.44889135297067,0.0030220569930186,0.2643670606071622,2023-05,Pune_Baramati,1,5.0,14.880920399362912,54,2023.0,"{""type"":""MultiPoint"",""coordinates"":[]}",0.2679532831415513,0.030702566407763168,-0.11680530177054961
53,37.32884256587288,0.0450657412204975,0.192001350077364,2023-06,Pune_Baramati,1,6.0,94.9848293972391,54,2023.0,"{""type"":""MultiPoint"",""coordinates"":[]}",0.24845134741723832,0.082154023648494,-0.687123951243125
54,28.00613353026039,0.231274175092863,0.0401705944826301,2023-07,Pune_Baramati,1,7.0,367.7442157761389,55,2023.0,"{""type"":""MultiPoint"",""coordinates"":[]}",0.2456397907400507,0.15871660939864818,-1.2945664416339946
55,29.615175936726832,0.1677809546110164,0.0947696608696526,2023-08,Pune_Baramati,1,8.0,58.11214068763999,59,2023.0,"{""type"":""MultiPoint"",""coordinates"":[]}",0.278281539074985,0.13700079195920506,-1.3394950173717024
56,30.029490898889737,0.2242014085855257,0.2226574418046032,2023-09,Pune_Baramati,1,9.0,235.9952400130161,64,2023.0,"{""type"":""MultiPoint"",""coordinates"":[]}",0.3385222687634342,0.12129138559666672,-0.9552601480217171
57,31.91413766202334,0.1530634187003804,0.4322692397037467,2023-10,Pune_Baramati,1,10.0,19.135142932343506,66,2023.0,"{""type"":""MultiPoint"",""coordinates"":[]}",0.4421638576614109,0.08632580639655728,-0.11461946746504789
58,29.481032520304296,0.1010525614016742,0.2817647536186406,2023-11,Pune_Baramati,1,11.0,61.298284641733616,57,2023.0,"{""type"":""MultiPoint"",""coordinates"":[]}",0.4209936525107268,0.07401388483990923,-1.8811186467679126
59,27.66447864483842,0.0775834889021538,0.4096812210897286,2023-12,Pune_Baramati,1,12.0,2.1073433670822896,55,2023.0,"{""type"":""MultiPoint"",""coordinates"":[]}",0.3989519857628239,0.019853132360309975,0.5404303528623204
60,28.41265144447527,0.0543917991472597,0.3261605647627386,2024-01,Pune_Baramati,1,1.0,0.0066299836161819,60,2024.0,"{""type"":""MultiPoint"",""coordinates"":[]}",0.3469626313519308,0.020366095229241037,-1.0214067230386517
61,32.798796345554614,-0.0121343608169443,0.3409319100897133,2024-02,Pune_Baramati,1,2.0,0.3714440634431712,56,2024.0,"{""type"":""MultiPoint"",""coordinates"":[]}",0.3350789296740247,0.02361305689428185,0.24787050833329263
62,37.99672931373601,-0.0243272584964584,0.2959962597142873,2024-03,Pune_Baramati,1,3.0,0.0,54,2024.0,"{""type"":""MultiPoint"",""coordinates"":[]}",0.2765996414685692,0.02798377527801224,0.6931380077568963
63,42.15033849467412,-0.0426392370536376,0.283633587200953,2024-04,Pune_Baramati,1,4.0,9.336891720560455,54,2024.0,"{""type"":""MultiPoint"",""coordinates"":[]}",0.2650395004903309,0.025998839312470167,0.7151891085269927
64,37.074945725255255,-0.0230906287618166,0.3001032296668566,2024-05,Pune_Baramati,1,5.0,42.43638750029795,55,2024.0,"{""type"":""MultiPoint"",""coordinates"":[]}",0.2679532831415513,0.030702566407763168,1.047141991269373
65,34.51976697050161,0.025722017099019,0.2985883196816331,2024-06,Pune_Baramati,1,6.0,211.55264209658003,54,2024.0,"{""type"":""MultiPoint"",""coordinates"":[]}",0.24845134741723832,0.082154023648494,0.6102801790806
66,28.66452730614892,0.125754056549149,0.297200792644001,2024-07,Pune_Baramati,1,7.0,265.2203217245996,54,2024.0,"{""type"":""MultiPoint"",""coordinates"":[]}",0.2456397907400507,0.15871660939864818,0.3248620424749916
67,28.506072061824625,0.145024839658882,0.3742788300855993,2024-08,Pune_Baramati,1,8.0,234.9217683826077,63,2024.0,"{""type"":""MultiPoint"",""coordinates"":[]}",0.278281539074985,0.13700079195920506,0.7007061027734759
68,29.17563589572581,0.1264652393150029,0.4605862478026839,2024-09,Pune_Baramati,1,9.0,211.69408686496507,54,2024.0,"{""type"":""MultiPoint"",""coordinates"":[]}",0.3385222687634342,0.12129138559666672,1.0063697305359518
69,29.59075739578773,0.1309955715301241,0.5122736903077812,2024-10,Pune_Baramati,1,10.0,124.69561018912307,58,2024.0,"{""type"":""MultiPoint"",""coordinates"":[]}",0.4421638576614109,0.08632580639655728,0.8121538109276943
70,27.291547020931613,0.1049520434976039,0.4709822389640853,2024-11,Pune_Baramati,1,11.0,8.682196316417517,60,2024.0,"{""type"":""MultiPoint"",""coordinates"":[]}",0.4209936525107268,0.07401388483990923,0.6753947122419393
71,26.905567701507422,0.054016619356134,0.3657553821031103,2024-12,Pune_Baramati,1,12.0,7.768852088066338,67,2024.0,"{""type"":""MultiPoint"",""coordinates"":[]}",0.3989519857628239,0.019853132360309975,-1.6721091189660158
72,27.207332949342977,0.0276690836785754,0.3692810627722242,2025-01,Pune_Baramati,1,1.0,0.8645963058394337,48,2025.0,"{""type"":""MultiPoint"",""coordinates"":[]}",0.3469626313519308,0.020366095229241037,1.095862077098083
73,31.76724791290253,-0.0127610728291911,0.3302830684815898,2025-02,Pune_Baramati,1,2.0,1.6041534480810549,56,2025.0,"{""type"":""MultiPoint"",""coordinates"":[]}",0.3350789296740247,0.02361305689428185,-0.20310208940360797
74,35.788748971053856,-0.0222928515699523,0.2844549122366655,2025-03,Pune_Baramati,1,3.0,0.0,63,2025.0,"{""type"":""MultiPoint"",""coordinates"":[]}",0.2765996414685692,0.02798377527801224,0.28070804207281047
75,39.01315850435171,-0.0287053971743039,0.2932214937648421,2025-04,Pune_Baramati,1,4.0,5.891540028936582,64,2025.0,"{""type"":""MultiPoint"",""coordinates"":[]}",0.2650395004903309,0.025998839312470167,1.0839712087067614
76,34.638149378073926,-0.004164330552136,0.2839904811681395,2025-05,Pune_Baramati,1,5.0,131.1775999398997,72,2025.0,"{""type"":""MultiPoint"",""coordinates"":[]}",0.2679532831415513,0.030702566407763168,0.5223406347729025
77,28.077762689116028,0.1118714203076616,0.3310340237514481,2025-06,Pune_Baramati,1,6.0,189.49627168893429,64,2025.0,"{""type"":""MultiPoint"",""coordinates"":[]}",0.24845134741723832,0.082154023648494,1.005217671231172
78,27.768612271213623,0.1282303870919158,0.3087292668793223,2025-07,Pune_Baramati,1,7.0,133.70704853909746,71,2025.0,"{""type"":""MultiPoint"",""coordinates"":[]}",0.2456397907400507,0.15871660939864818,0.39749763038857433
79,26.76319577840823,0.1222831801797058,0.3819362005189957,2025-08,Pune_Baramati,1,8.0,238.99618721125648,73,2025.0,"{""type"":""MultiPoint"",""coordinates"":[]}",0.278281539074985,0.13700079195920506,0.7565989945143975
80,27.18615546197819,0.11329142676731,0.396361240017261,2025-09,Pune_Baramati,1,9.0,415.4019793416866,72,2025.0,"{""type"":""MultiPoint"",""coordinates"":[]}",0.3385222687634342,0.12129138559666672,0.47685967943477975
81,28.73342907889861,0.1159403924980426,0.4832698398180045,2025-10,Pune_Baramati,1,10.0,110.88615585933614,64,2025.0,"{""type"":""MultiPoint"",""coordinates"":[]}",0.4421638576614109,0.08632580639655728,0.4761725823650445
82,26.05712312522212,0.0964886400542675,0.4806110641646374,2025-11,Pune_Baramati,1,11.0,14.533621831335957,75,2025.0,"{""type"":""MultiPoint"",""coordinates"":[]}",0.4209936525107268,0.07401388483990923,0.8054895616256604
83,23.919263879886785,0.0612086726617318,0.4152324694606522,2025-12,Pune_Baramati,1,12.0,3.834785286711127,66,2025.0,"{""type"":""MultiPoint"",""coordinates"":[]}",0.3989519857628239,0.019853132360309975,0.8200460966238206
84,24.433460395139655,0.0219947288393804,0.3656894319824104,2026-01,Pune_Baramati,1,1.0,0.0007237050040556041,64,2026.0,"{""type"":""MultiPoint"",""coordinates"":[]}",0.3469626313519308,0.020366095229241037,0.9195086451128941
85,27.90937795088192,0.0076369906332147,0.3404560333757735,2026-02,Pune_Baramati,1,2.0,1.144294946874996,53,2026.0,"{""type"":""MultiPoint"",""coordinates"":[]}",0.3350789296740247,0.02361305689428185,0.22771739067172375
86,32.93703132113981,-0.013634353123514,0.3098975754698858,2026-03,Pune_Baramati,1,3.0,1.366284552038871,64,2026.0,"{""type"":""MultiPoint"",""coordinates"":[]}",0.2765996414685692,0.02798377527801224,1.189901422181583
87,36.39276892956048,-0.0272103034567243,0.3106152877831272,2026-04,Pune_Baramati,1,4.0,21.90436184287617,71,2026.0,"{""type"":""MultiPoint"",""coordinates"":[]}",0.2650395004903309,0.025998839312470167,1.7529931526957108
88,35.55256949376874,-0.0172355852515849,0.2894921057420903,2026-05,Pune_Baramati,1,5.0,15.439038700889103,68,2026.0,"{""type"":""MultiPoint"",""coordinates"":[]}",0.2679532831415513,0.030702566407763168,0.7015316672385035
89,32.62768453733869,-0.0029117694016544,0.2673042026660037,2026-06,Pune_Baramati,1,6.0,121.96673632677984,78,2026.0,"{""type"":""MultiPoint"",""coordinates"":[]}",0.24845134741723832,0.082154023648494,0.2294818246447625
0,35.19913748265693,-0.0207191138203777,0.24916005961333,2019-01,Bid,1,1.0,0.0270587115046245,60,2019.0,"{""type"":""MultiPoint"",""coordinates"":[]}",0.36267329609315063,0.057439538546204066,-1.9762212467725726
1,40.117342915007136,-0.0483950951937257,0.2011976580178494,2019-02,Bid,1,2.0,0.0324422546087897,58,2019.0,"{""type"":""MultiPoint"",""coordinates"":[]}",0.30347619000940657,0.05167677565181831,-1.9791972448257495
2,47.56725707066145,-0.0610606290351106,0.1786485871248756,2019-03,Bid,1,3.0,0.4476443472073574,66,2019.0,"{""type"":""MultiPoint"",""coordinates"":[]}",0.23094951831293953,0.03997058760411016,-1.3084854219827842
3,51.37885617390749,-0.0799891417017246,0.1647755154371726,2019-04,Bid,1,4.0,10.215657542105635,60,2019.0,"{""type"":""MultiPoint"",""coordinates"":[]}",0.2152928043753315,0.02644436883987114,-1.910323110529004
4,50.10796535491537,-0.0758521578709622,0.1394435560809846,2019-05,Bid,1,5.0,3.441474986332775,62,2019.0,"{""type"":""MultiPoint"",""coordinates"":[]}",0.18603628834703753,0.034289161658047636,-1.3588180641656968
5,44.47476616562276,-0.0845250116897213,0.1068864454760809,2019-06,Bid,1,6.0,117.7902000404746,62,2019.0,"{""type"":""MultiPoint"",""coordinates"":[]}",0.16687932353201862,0.05163817973647685,-1.1617930446444296
6,40.63074163379112,0.0091674041207788,0.2073804288820757,2019-07,Bid,1,7.0,171.29807954348743,64,2019.0,"{""type"":""MultiPoint"",""coordinates"":[]}",0.20645691654527756,0.12268666581223596,0.007527405938404981
7,35.5426564402922,0.1119978621617866,0.3782456780427974,2019-08,Bid,1,8.0,97.02938011196598,60,2019.0,"{""type"":""MultiPoint"",""coordinates"":[]}",0.3674555135019941,0.1619427244115797,0.06662951102008095
8,32.22948661893372,0.1595417029645548,0.4687768983612196,2019-09,Bid,1,9.0,269.4779139103599,56,2019.0,"{""type"":""MultiPoint"",""coordinates"":[]}",0.39827204878144595,0.12238488072809628,0.5760911736835777
9,31.99400362402596,0.1476684786563946,0.4322701296234056,2019-10,Bid,1,10.0,216.25903431177176,60,2019.0,"{""type"":""MultiPoint"",""coordinates"":[]}",0.4420509319325591,0.0691289207669277,-0.14148640251639505
10,31.67169982228993,0.1181516174622805,0.4848405407794391,2019-11,Bid,1,11.0,24.62471490130613,60,2019.0,"{""type"":""MultiPoint"",""coordinates"":[]}",0.42628887169823565,0.0705724036269663,0.8296680582214204
11,29.6386434796687,0.0942919045358735,0.3917571162521023,2019-12,Bid,1,12.0,3.928243782012641,67,2019.0,"{""type"":""MultiPoint"",""coordinates"":[]}",0.4178445876348873,0.02836110047277081,-0.9198328325740146
12,30.79404248716915,0.0500767157194341,0.3894742534327984,2020-01,Bid,1,1.0,0.0716944475551763,64,2020.0,"{""type"":""MultiPoint"",""coordinates"":[]}",0.36267329609315063,0.057439538546204066,0.46659423139496875
13,35.5056168754403,0.0038853789674575,0.3146855762507902,2020-02,Bid,1,2.0,0.0,60,2020.0,"{""type"":""MultiPoint"",""coordinates"":[]}",0.30347619000940657,0.05167677565181831,0.2169134219384914
14,42.024190638044736,-0.0379132109808048,0.2616060847153736,2020-03,Bid,1,3.0,6.629897318811858,60,2020.0,"{""type"":""MultiPoint"",""coordinates"":[]}",0.23094951831293953,0.03997058760411016,0.7669781266683625
15,48.46597622364681,-0.0684458082381143,0.2274397479299865,2020-04,Bid,1,4.0,6.511114092074903,60,2020.0,"{""type"":""MultiPoint"",""coordinates"":[]}",0.2152928043753315,0.02644436883987114,0.4593395148966694
16,47.2172226541136,-0.0701424893488637,0.1787676392327485,2020-05,Bid,1,5.0,20.623830905314705,58,2020.0,"{""type"":""MultiPoint"",""coordinates"":[]}",0.18603628834703753,0.034289161658047636,-0.21198095149646487
17,38.7315575413636,-0.0071950868015811,0.2131092343236729,2020-06,Bid,1,6.0,212.4512533275096,60,2020.0,"{""type"":""MultiPoint"",""coordinates"":[]}",0.16687932353201862,0.05163817973647685,0.8952660807870769
18,31.619309346107386,0.0828231487233574,0.32318892054559,2020-07,Bid,1,7.0,173.63928061131526,60,2020.0,"{""type"":""MultiPoint"",""coordinates"":[]}",0.20645691654527756,0.12268666581223596,0.9514644743786848
19,30.288348986505103,0.1985326650505853,0.5110781779095586,2020-08,Bid,1,8.0,108.1987787481471,60,2020.0,"{""type"":""MultiPoint"",""coordinates"":[]}",0.3674555135019941,0.1619427244115797,0.8868732135353325
20,31.264817553607102,0.1783943859260336,0.511212640329316,2020-09,Bid,1,9.0,288.324450550405,60,2020.0,"{""type"":""MultiPoint"",""coordinates"":[]}",0.39827204878144595,0.12238488072809628,0.9228312425191745
21,32.41760866195533,0.1197226641407645,0.4363433170815289,2020-10,Bid,1,10.0,148.6321908067801,62,2020.0,"{""type"":""MultiPoint"",""coordinates"":[]}",0.4420509319325591,0.0691289207669277,-0.08256479036138556
22,32.1870388706329,0.0987416167551176,0.4716143432808058,2020-11,Bid,1,11.0,5.81235079330317,60,2020.0,"{""type"":""MultiPoint"",""coordinates"":[]}",0.42628887169823565,0.0705724036269663,0.6422548936005196
23,31.04182843304509,0.0672807707537667,0.4347819766711271,2020-12,Bid,1,12.0,2.717477942270336,60,2020.0,"{""type"":""MultiPoint"",""coordinates"":[]}",0.4178445876348873,0.02836110047277081,0.5972049304822011
24,31.727973025825456,0.0388171355831836,0.3615115397302835,2021-01,Bid,1,1.0,1.0804362033688415,70,2021.0,"{""type"":""MultiPoint"",""coordinates"":[]}",0.36267329609315063,0.057439538546204066,-0.020225725907122814
25,35.87306591932156,0.0077309535195162,0.327635241691631,2021-02,Bid,1,2.0,0.0258006456453495,56,2021.0,"{""type"":""MultiPoint"",""coordinates"":[]}",0.30347619000940657,0.05167677565181831,0.46750307807515784
26,42.31783942732783,-0.0299987934535992,0.2586367034769658,2021-03,Bid,1,3.0,0.0,60,2021.0,"{""type"":""MultiPoint"",""coordinates"":[]}",0.23094951831293953,0.03997058760411016,0.6926889701561263
27,45.0314979316333,-0.0544641604656497,0.2279359913528374,2021-04,Bid,1,4.0,13.571817699552188,59,2021.0,"{""type"":""MultiPoint"",""coordinates"":[]}",0.2152928043753315,0.02644436883987114,0.4781050761341415
28,43.56196755404665,-0.0618084992231653,0.193232355068343,2021-05,Bid,1,5.0,63.58914398650156,64,2021.0,"{""type"":""MultiPoint"",""coordinates"":[]}",0.18603628834703753,0.034289161658047636,0.20986417787255962
29,35.38986595823451,-0.0003588029732134385,0.2314934645010281,2021-06,Bid,1,6.0,158.72489555161334,60,2021.0,"{""type"":""MultiPoint"",""coordinates"":[]}",0.16687932353201862,0.05163817973647685,1.251286185894862
30,35.98466008175356,0.0901917862815104,0.3531081410517963,2021-07,Bid,1,7.0,184.67304634058956,60,2021.0,"{""type"":""MultiPoint"",""coordinates"":[]}",0.20645691654527756,0.12268666581223596,1.1953314040741718
31,30.599318372327104,0.1548361287905492,0.4556865520446158,2021-08,Bid,1,8.0,130.73422052229705,60,2021.0,"{""type"":""MultiPoint"",""coordinates"":[]}",0.3674555135019941,0.1619427244115797,0.5448286662041157
32,30.08082616905048,0.1381809941103589,0.4596040909870799,2021-09,Bid,1,9.0,309.6582529904326,60,2021.0,"{""type"":""MultiPoint"",""coordinates"":[]}",0.39827204878144595,0.12238488072809628,0.5011406788220512
33,32.20013723083204,0.1274441458727384,0.4850885901838176,2021-10,Bid,1,10.0,84.22592658294836,66,2021.0,"{""type"":""MultiPoint"",""coordinates"":[]}",0.4420509319325591,0.0691289207669277,0.6225709554523864
34,31.02397845644371,0.0962510600029487,0.371289358823983,2021-11,Bid,1,11.0,20.00112371077139,60,2021.0,"{""type"":""MultiPoint"",""coordinates"":[]}",0.42628887169823565,0.0705724036269663,-0.7793345563936109
35,29.407029703035,0.0742663714667205,0.4552877384534256,2021-12,Bid,1,12.0,5.920437064876426,65,2021.0,"{""type"":""MultiPoint"",""coordinates"":[]}",0.4178445876348873,0.02836110047277081,1.32022912349565
36,29.45282898202651,0.0460323751045739,0.3775476856157857,2022-01,Bid,1,1.0,0.1513733488355262,58,2022.0,"{""type"":""MultiPoint"",""coordinates"":[]}",0.36267329609315063,0.057439538546204066,0.25895732972628616
37,35.10863861332388,0.0028831784712455,0.3211084330604282,2022-02,Bid,1,2.0,0.0,56,2022.0,"{""type"":""MultiPoint"",""coordinates"":[]}",0.30347619000940657,0.05167677565181831,0.34120246142720034
38,42.59241709001433,0.0426941514675082,0.1811415598321209,2022-03,Bid,1,3.0,0.0573820693377986,60,2022.0,"{""type"":""MultiPoint"",""coordinates"":[]}",0.23094951831293953,0.03997058760411016,-1.2461152428916729
39,45.03337422291502,0.0192926745099737,0.2073236417115815,2022-04,Bid,1,4.0,9.436668596376322,62,2022.0,"{""type"":""MultiPoint"",""coordinates"":[]}",0.2152928043753315,0.02644436883987114,-0.3013557522210401
40,42.75546560229773,-0.0155014716846855,0.1712011835631421,2022-05,Bid,1,5.0,12.436565785844758,64,2022.0,"{""type"":""MultiPoint"",""coordinates"":[]}",0.18603628834703753,0.034289161658047636,-0.43264705424530703
41,39.471407722743976,0.0371419055757821,0.1107136954376415,2022-06,Bid,1,6.0,136.63979866509118,60,2022.0,"{""type"":""MultiPoint"",""coordinates"":[]}",0.16687932353201862,0.05163817973647685,-1.0876763739737734
42,28.92377793436876,0.2743800772956516,0.0823898371796632,2022-07,Bid,1,7.0,273.7444911616995,60,2022.0,"{""type"":""MultiPoint"",""coordinates"":[]}",0.20645691654527756,0.12268666581223596,-1.0112515369477155
43,30.4283193838192,0.2193437040326746,0.1501504248079236,2022-08,Bid,1,8.0,136.91271106165686,60,2022.0,"{""type"":""MultiPoint"",""coordinates"":[]}",0.3674555135019941,0.1619427244115797,-1.3418638563952192
44,29.50638978646748,0.24735510859136,0.2640729629386957,2022-09,Bid,1,9.0,261.3467705735358,62,2022.0,"{""type"":""MultiPoint"",""coordinates"":[]}",0.39827204878144595,0.12238488072809628,-1.0965332077325933
45,31.736367261943144,0.1868455814575775,0.3128142738776201,2022-10,Bid,1,10.0,189.26775393006525,66,2022.0,"{""type"":""MultiPoint"",""coordinates"":[]}",0.4420509319325591,0.0691289207669277,-1.869502035055171
46,31.845122961099467,0.0898636229438903,0.4362894776023795,2022-11,Bid,1,11.0,4.352562795484643,61,2022.0,"{""type"":""MultiPoint"",""coordinates"":[]}",0.42628887169823565,0.0705724036269663,0.14170703263849938
47,30.71288894668517,0.0871276812374615,0.3785550373494285,2022-12,Bid,1,12.0,10.070496689606705,60,2022.0,"{""type"":""MultiPoint"",""coordinates"":[]}",0.4178445876348873,0.02836110047277081,-1.3853323612453
48,30.32030651139292,0.0634176881341931,0.3974576784097871,2023-01,Bid,1,1.0,3.4885265436044546,66,2023.0,"{""type"":""MultiPoint"",""coordinates"":[]}",0.36267329609315063,0.057439538546204066,0.6055825516191441
49,35.75243773246193,0.0262990462156709,0.3462422800640337,2023-02,Bid,1,2.0,0.0,56,2023.0,"{""type"":""MultiPoint"",""coordinates"":[]}",0.30347619000940657,0.05167677565181831,0.8275688549682635
50,39.36410152887533,0.0027713718509841,0.2601778444207006,2023-03,Bid,1,3.0,8.673761270221753,60,2023.0,"{""type"":""MultiPoint"",""coordinates"":[]}",0.23094951831293953,0.03997058760411016,0.7312458450011756
51,42.23187715414426,-0.0278514092623278,0.2338584834671759,2023-04,Bid,1,4.0,33.27091572272753,60,2023.0,"{""type"":""MultiPoint"",""coordinates"":[]}",0.2152928043753315,0.02644436883987114,0.7020655022725384
52,43.34339616361689,-0.0204745530458038,0.244099522160143,2023-05,Bid,1,5.0,9.806122985437533,64,2023.0,"{""type"":""MultiPoint"",""coordinates"":[]}",0.18603628834703753,0.034289161658047636,1.693340723583368
53,41.39718758232609,0.0126548815467752,0.1583010877164524,2023-06,Bid,1,6.0,70.76737734647264,60,2023.0,"{""type"":""MultiPoint"",""coordinates"":[]}",0.16687932353201862,0.05163817973647685,-0.16612196361961631
54,26.67104286989549,0.2348617778386611,0.0500234917137344,2023-07,Bid,1,7.0,291.31267221753427,60,2023.0,"{""type"":""MultiPoint"",""coordinates"":[]}",0.20645691654527756,0.12268666581223596,-1.2750646029533026
55,30.14047473233143,0.1844946109072639,0.1888703503254341,2023-08,Bid,1,8.0,38.73562667338852,60,2023.0,"{""type"":""MultiPoint"",""coordinates"":[]}",0.3674555135019941,0.1619427244115797,-1.1027674372248015
56,31.055692387470565,0.2031900402578352,0.2219890917616903,2023-09,Bid,1,9.0,202.38574380208007,63,2023.0,"{""type"":""MultiPoint"",""coordinates"":[]}",0.39827204878144595,0.12238488072809628,-1.440398160058719
57,34.958735144332245,0.1335366562774549,0.4974376720867143,2023-10,Bid,1,10.0,20.657531716033283,68,2023.0,"{""type"":""MultiPoint"",""coordinates"":[]}",0.4420509319325591,0.0691289207669277,0.8012093858791011
58,31.868368164097163,0.0933753617651894,0.3115229047227301,2023-11,Bid,1,11.0,54.01803186134531,69,2023.0,"{""type"":""MultiPoint"",""coordinates"":[]}",0.42628887169823565,0.0705724036269663,-1.626215929701628
59,28.234985447373774,0.0988647849219904,0.4282524710250451,2023-12,Bid,1,12.0,9.815551170204008,62,2023.0,"{""type"":""MultiPoint"",""coordinates"":[]}",0.4178445876348873,0.02836110047277081,0.36697741683720275
60,29.506012145681048,0.0737883524798952,0.400888559756919,2024-01,Bid,1,1.0,3.725228391869464,66,2024.0,"{""type"":""MultiPoint"",""coordinates"":[]}",0.36267329609315063,0.057439538546204066,0.6653128599392945
61,34.627680002109784,-0.0129966216468536,0.309987950971707,2024-02,Bid,1,2.0,3.6557857052521134,56,2024.0,"{""type"":""MultiPoint"",""coordinates"":[]}",0.30347619000940657,0.05167677565181831,0.1260094284166376
62,40.79102857978529,-0.050515172546656,0.2454863303076006,2024-03,Bid,1,3.0,0.3385196060243416,64,2024.0,"{""type"":""MultiPoint"",""coordinates"":[]}",0.23094951831293953,0.03997058760411016,0.3636877230487911
63,43.41799150717761,-0.0870514482677303,0.2304234463532351,2024-04,Bid,1,4.0,22.029336393757852,60,2024.0,"{""type"":""MultiPoint"",""coordinates"":[]}",0.2152928043753315,0.02644436883987114,0.5721687694466959
64,41.91054656909605,-0.0716974657773227,0.1894734739768639,2024-05,Bid,1,5.0,17.951412264035607,60,2024.0,"{""type"":""MultiPoint"",""coordinates"":[]}",0.18603628834703753,0.034289161658047636,0.10024116845153788
65,36.425377419157215,-0.03574196892766,0.1807720137372359,2024-06,Bid,1,6.0,196.36973577228977,63,2024.0,"{""type"":""MultiPoint"",""coordinates"":[]}",0.16687932353201862,0.05163817973647685,0.26903911555587956
66,27.29466155557861,0.0644637372786589,0.2226506798988058,2024-07,Bid,1,7.0,193.20462045129352,62,2024.0,"{""type"":""MultiPoint"",""coordinates"":[]}",0.20645691654527756,0.12268666581223596,0.13199285550975642
67,27.35144589391945,0.2103363964086894,0.5207018978816353,2024-08,Bid,1,8.0,178.4489728126422,66,2024.0,"{""type"":""MultiPoint"",""coordinates"":[]}",0.3674555135019941,0.1619427244115797,0.9462999028604916
68,30.29517487749808,0.1392916112991497,0.4639766083106741,2024-09,Bid,1,9.0,213.2872544601613,60,2024.0,"{""type"":""MultiPoint"",""coordinates"":[]}",0.39827204878144595,0.12238488072809628,0.5368682727665082
69,31.41516531415511,0.1079341752883725,0.4883516087422682,2024-10,Bid,1,10.0,85.52803942804643,65,2024.0,"{""type"":""MultiPoint"",""coordinates"":[]}",0.4420509319325591,0.0691289207669277,0.6697728866014641
70,28.35675211966429,0.1147292935300549,0.4821766049800766,2024-11,Bid,1,11.0,8.334319007479044,63,2024.0,"{""type"":""MultiPoint"",""coordinates"":[]}",0.42628887169823565,0.0705724036269663,0.7919205016348029
71,27.510948867144037,0.0783684703597239,0.4184331860581951,2024-12,Bid,1,12.0,5.098989335079743,75,2024.0,"{""type"":""MultiPoint"",""coordinates"":[]}",0.4178445876348873,0.02836110047277081,0.0207537230042565
72,28.154373203555696,0.0452728147412803,0.4053148830386078,2025-01,Bid,1,1.0,2.0011654073488128,54,2025.0,"{""type"":""MultiPoint"",""coordinates"":[]}",0.36267329609315063,0.057439538546204066,0.7423734247300141
73,32.86612606553683,0.002357491282028,0.3216534352060793,2025-02,Bid,1,2.0,2.949744816756963,58,2025.0,"{""type"":""MultiPoint"",""coordinates"":[]}",0.30347619000940657,0.05167677565181831,0.3517488265743444
74,37.62660065464577,-0.0287516265504427,0.2608135554630911,2025-03,Bid,1,3.0,0.1912158796927597,74,2025.0,"{""type"":""MultiPoint"",""coordinates"":[]}",0.23094951831293953,0.03997058760411016,0.7471503157757096
75,41.21592140353367,-0.0434263500934705,0.2285216565096146,2025-04,Bid,1,4.0,6.676549442225362,69,2025.0,"{""type"":""MultiPoint"",""coordinates"":[]}",0.2152928043753315,0.02644436883987114,0.5002521411793907
76,36.83988764596822,-0.0383170339588793,0.2168643242568808,2025-05,Bid,1,5.0,144.26403536220127,80,2025.0,"{""type"":""MultiPoint"",""coordinates"":[]}",0.18603628834703753,0.034289161658047636,0.8990606482969509
77,31.670136776387423,0.0436314001072403,0.2601179871139003,2025-06,Bid,1,6.0,93.55118830386112,68,2025.0,"{""type"":""MultiPoint"",""coordinates"":[]}",0.16687932353201862,0.05163817973647685,1.805614838820868
78,29.370740446228893,0.0973914377967614,0.2922403971067541,2025-07,Bid,1,7.0,104.56253210441984,78,2025.0,"{""type"":""MultiPoint"",""coordinates"":[]}",0.20645691654527756,0.12268666581223596,0.6992078559927826
79,25.946283604372045,0.1816215717486761,0.4539978280182355,2025-08,Bid,1,8.0,251.15036782515605,85,2025.0,"{""type"":""MultiPoint"",""coordinates"":[]}",0.3674555135019941,0.1619427244115797,0.5344007570003139
80,27.288196765961423,0.1526174048812051,0.4367538785177265,2025-09,Bid,1,9.0,307.67831513476455,76,2025.0,"{""type"":""MultiPoint"",""coordinates"":[]}",0.39827204878144595,0.12238488072809628,0.31443287363065725
81,29.339049677405004,0.1026816941679363,0.4856065665027682,2025-10,Bid,1,10.0,83.18349604390082,70,2025.0,"{""type"":""MultiPoint"",""coordinates"":[]}",0.4420509319325591,0.0691289207669277,0.6300638587583262
82,27.186648188423877,0.0993222309293574,0.4997642213976803,2025-11,Bid,1,11.0,7.975583162221635,84,2025.0,"{""type"":""MultiPoint"",""coordinates"":[]}",0.42628887169823565,0.0705724036269663,1.041134295040067
83,24.49040722838353,0.0864930767173659,0.4683807297599318,2025-12,Bid,1,12.0,2.535342177988526,79,2025.0,"{""type"":""MultiPoint"",""coordinates"":[]}",0.4178445876348873,0.02836110047277081,1.78188227123146
84,25.07099149489761,0.065412902210969,0.4062377033412193,2026-01,Bid,1,1.0,0.0550687436604877,68,2026.0,"{""type"":""MultiPoint"",""coordinates"":[]}",0.36267329609315063,0.057439538546204066,0.7584393668661816
85,28.669358321260574,0.0364786721223303,0.3690747351213539,2026-02,Bid,1,2.0,2.113164475434128,56,2026.0,"{""type"":""MultiPoint"",""coordinates"":[]}",0.30347619000940657,0.05167677565181831,1.2694008920744106
86,33.95065742243185,-0.0048821080351634,0.2922459614850518,2026-03,Bid,1,3.0,2.5742967291114045,74,2026.0,"{""type"":""MultiPoint"",""coordinates"":[]}",0.23094951831293953,0.03997058760411016,1.5335387054907634
87,38.05222737612896,-0.0378478983595433,0.2632755287140104,2026-04,Bid,1,4.0,24.09015628882085,80,2026.0,"{""type"":""MultiPoint"",""coordinates"":[]}",0.2152928043753315,0.02644436883987114,1.8144779566957783
88,38.09363882836311,-0.0371953493794092,0.2147773761949768,2026-05,Bid,1,5.0,19.989755014121315,69,2026.0,"{""type"":""MultiPoint"",""coordinates"":[]}",0.18603628834703753,0.034289161658047636,0.8381974495195559
89,35.018152438507045,-0.022225705640221,0.2290140442151538,2026-06,Bid,1,6.0,109.98621587077837,80,2026.0,"{""type"":""MultiPoint"",""coordinates"":[]}",0.16687932353201862,0.05163817973647685,1.2032709324810622
0,27.95587722277581,0.0114362019930106,0.3639710568575459,2019-01,Nagpur,1,1.0,16.33892151426165,84,2019.0,"{""type"":""MultiPoint"",""coordinates"":[]}",0.3958898818673215,0.024464440394145377,-1.3047028460709917
1,33.01339338709332,-0.0421105359426229,0.3412028896568568,2019-02,Nagpur,1,2.0,6.934124777375984,86,2019.0,"{""type"":""MultiPoint"",""coordinates"":[]}",0.3903991197571501,0.03122656814685427,-1.5754606740302088
2,41.09872401359162,-0.1084191345719343,0.2410827613299967,2019-03,Nagpur,1,3.0,10.040583459993544,90,2019.0,"{""type"":""MultiPoint"",""coordinates"":[]}",0.28480078188568964,0.03842412275006996,-1.1377753719989179
3,47.77035561479234,-0.145415844758461,0.2051764914400793,2019-04,Nagpur,1,4.0,10.160145608219752,87,2019.0,"{""type"":""MultiPoint"",""coordinates"":[]}",0.23835460675213968,0.04214303427703161,-0.7872740034322304
4,49.95883540644383,-0.1323671555313996,0.1771142044058081,2019-05,Nagpur,1,5.0,6.56741642254388,85,2019.0,"{""type"":""MultiPoint"",""coordinates"":[]}",0.23462920990726377,0.050804426445525186,-1.1320865035869634
5,46.42321903066979,-0.1447174238102093,0.1507044195481355,2019-06,Nagpur,1,6.0,120.76419949059022,86,2019.0,"{""type"":""MultiPoint"",""coordinates"":[]}",0.20436464460663298,0.06697170762862269,-0.8012372232773102
6,37.73210898200777,0.0317312492404317,0.3511707145919692,2019-07,Nagpur,1,7.0,285.7145433426259,92,2019.0,"{""type"":""MultiPoint"",""coordinates"":[]}",0.2667959308069386,0.18420211673613648,0.45805545169654444
7,26.42613797906849,0.1608578653963921,0.4006528406346366,2019-08,Nagpur,1,8.0,402.3024060489026,84,2019.0,"{""type"":""MultiPoint"",""coordinates"":[]}",0.3610318247365963,0.1530554709437067,0.258867034636173
8,28.5965281850603,0.2158622760165919,0.4332835252141599,2019-09,Nagpur,1,9.0,429.7775755291541,82,2019.0,"{""type"":""MultiPoint"",""coordinates"":[]}",0.40594230047536284,0.14829261233836777,0.18437347827153408
9,30.524754802663143,0.2004733595570786,0.570360799792502,2019-10,Nagpur,1,10.0,44.86027340534869,95,2019.0,"{""type"":""MultiPoint"",""coordinates"":[]}",0.5590511633590886,0.05392796867420216,0.20971745666407207
10,29.55450266438463,0.1482909945880788,0.5647106471990249,2019-11,Nagpur,1,11.0,6.710250989198912,87,2019.0,"{""type"":""MultiPoint"",""coordinates"":[]}",0.5096088420266999,0.04177036828184972,1.3191601472249437
11,26.36159802067702,0.0826920694486594,0.4666999473019848,2019-12,Nagpur,1,12.0,14.432812383952822,91,2019.0,"{""type"":""MultiPoint"",""coordinates"":[]}",0.44322416902467127,0.022422581099388283,1.0469703810304853
12,25.76643413997005,0.0731442560550403,0.4083445024841628,2020-01,Nagpur,1,1.0,10.192702513672064,93,2020.0,"{""type"":""MultiPoint"",""coordinates"":[]}",0.3958898818673215,0.024464440394145377,0.5090907626001477
13,30.163120369539595,0.0380734504824835,0.4318467505817771,2020-02,Nagpur,1,2.0,7.838905335625791,90,2020.0,"{""type"":""MultiPoint"",""coordinates"":[]}",0.3903991197571501,0.03122656814685427,1.3273194361194116
14,35.76250159936468,-0.0706444462765654,0.3369201035576327,2020-03,Nagpur,1,3.0,30.830241079088204,90,2020.0,"{""type"":""MultiPoint"",""coordinates"":[]}",0.28480078188568964,0.03842412275006996,1.3564219022241217
15,43.79821840397732,-0.1306871294021144,0.2717197593692302,2020-04,Nagpur,1,4.0,8.832472398302114,88,2020.0,"{""type"":""MultiPoint"",""coordinates"":[]}",0.23835460675213968,0.04214303427703161,0.7917121581175488
16,46.00443963326208,-0.1319500808714157,0.227439329520333,2020-05,Nagpur,1,5.0,18.66031411583671,92,2020.0,"{""type"":""MultiPoint"",""coordinates"":[]}",0.23462920990726377,0.050804426445525186,-0.14152074710734291
17,39.99467685734157,-0.0698935508769616,0.2476277583088317,2020-06,Nagpur,1,6.0,254.1737712638837,84,2020.0,"{""type"":""MultiPoint"",""coordinates"":[]}",0.20436464460663298,0.06697170762862269,0.6459909002485811
18,32.313259794768854,0.1190768642368373,0.4316207622254065,2020-07,Nagpur,1,7.0,276.1941459609081,88,2020.0,"{""type"":""MultiPoint"",""coordinates"":[]}",0.2667959308069386,0.18420211673613648,0.8948042201630838
19,28.592801980435507,0.1855107050280208,0.5541554863163395,2020-08,Nagpur,1,8.0,571.694447554417,95,2020.0,"{""type"":""MultiPoint"",""coordinates"":[]}",0.3610318247365963,0.1530554709437067,1.2617886860821423
20,29.97972708967524,0.2027894258999601,0.5800082955617143,2020-09,Nagpur,1,9.0,159.32861502361666,85,2020.0,"{""type"":""MultiPoint"",""coordinates"":[]}",0.40594230047536284,0.14829261233836777,1.1738008545508327
21,30.749474511409,0.1743364331514434,0.5585116186149236,2020-10,Nagpur,1,10.0,63.903599083634994,78,2020.0,"{""type"":""MultiPoint"",""coordinates"":[]}",0.5590511633590886,0.05392796867420216,-0.010004915027015657
22,30.046286501145392,0.1081747446514672,0.5167424714389524,2020-11,Nagpur,1,11.0,4.396519198436568,85,2020.0,"{""type"":""MultiPoint"",""coordinates"":[]}",0.5096088420266999,0.04177036828184972,0.17078205689060746
23,28.430905694171305,0.0646758659493515,0.4616301826793687,2020-12,Nagpur,1,12.0,4.722678798952718,86,2020.0,"{""type"":""MultiPoint"",""coordinates"":[]}",0.44322416902467127,0.022422581099388283,0.8208695320629054
24,28.73499553662585,0.0247130940331248,0.4146706776844663,2021-01,Nagpur,1,1.0,9.98520084132456,93,2021.0,"{""type"":""MultiPoint"",""coordinates"":[]}",0.3958898818673215,0.024464440394145377,0.7676773110101172
25,34.08169362281166,-0.0208638541827022,0.370755417252902,2021-02,Nagpur,1,2.0,8.414081778435541,78,2021.0,"{""type"":""MultiPoint"",""coordinates"":[]}",0.3903991197571501,0.03122656814685427,-0.6290701690901936
26,39.55330905439148,-0.1048931823086749,0.2673836599652355,2021-03,Nagpur,1,3.0,22.17794944175536,84,2021.0,"{""type"":""MultiPoint"",""coordinates"":[]}",0.28480078188568964,0.03842412275006996,-0.45328613053169636
27,44.92156354633485,-0.1404983078241445,0.2289662979314509,2021-04,Nagpur,1,4.0,5.553168845056936,89,2021.0,"{""type"":""MultiPoint"",""coordinates"":[]}",0.23835460675213968,0.04214303427703161,-0.22277249328972748
28,43.30573121969648,-0.1387318084707566,0.2100145498537476,2021-05,Nagpur,1,5.0,36.4060323214995,92,2021.0,"{""type"":""MultiPoint"",""coordinates"":[]}",0.23462920990726377,0.050804426445525186,-0.4844983355910755
29,39.9976688724482,-0.0159181215714392,0.2883498476484262,2021-06,Nagpur,1,6.0,273.1995391352039,86,2021.0,"{""type"":""MultiPoint"",""coordinates"":[]}",0.20436464460663298,0.06697170762862269,1.2540400419161362
30,35.65790781912391,0.0826870320156132,0.4204781668930151,2021-07,Nagpur,1,7.0,306.74227729336553,84,2021.0,"{""type"":""MultiPoint"",""coordinates"":[]}",0.2667959308069386,0.18420211673613648,0.8343130839599486
31,30.338416831772868,0.1597238378230326,0.4533842455774227,2021-08,Nagpur,1,8.0,219.6392749432603,93,2021.0,"{""type"":""MultiPoint"",""coordinates"":[]}",0.3610318247365963,0.1530554709437067,0.6033918308924306
32,29.65702763738924,0.1861278641979793,0.4864385629278858,2021-09,Nagpur,1,9.0,352.99531590884254,86,2021.0,"{""type"":""MultiPoint"",""coordinates"":[]}",0.40594230047536284,0.14829261233836777,0.5428204492672232
33,30.789400764514856,0.183459934900552,0.5933543654307111,2021-10,Nagpur,1,10.0,50.660518539094646,86,2021.0,"{""type"":""MultiPoint"",""coordinates"":[]}",0.5590511633590886,0.05392796867420216,0.6360929757777497
34,29.3471165656384,0.085750795520447,0.4857573630020194,2021-11,Nagpur,1,11.0,8.530712648173969,77,2021.0,"{""type"":""MultiPoint"",""coordinates"":[]}",0.5096088420266999,0.04177036828184972,-0.5710143339828909
35,26.784076943323992,0.0554617848797774,0.4506603700585618,2021-12,Nagpur,1,12.0,7.034182878779189,77,2021.0,"{""type"":""MultiPoint"",""coordinates"":[]}",0.44322416902467127,0.022422581099388283,0.33163894026871876
36,25.464834664665588,0.0382828750789001,0.4094935909989324,2022-01,Nagpur,1,1.0,26.839003910976505,92,2022.0,"{""type"":""MultiPoint"",""coordinates"":[]}",0.3958898818673215,0.024464440394145377,0.5560605071050975
37,31.065172289069,0.0462910900727684,0.4039286706245147,2022-02,Nagpur,1,2.0,15.594775520202145,78,2022.0,"{""type"":""MultiPoint"",""coordinates"":[]}",0.3903991197571501,0.03122656814685427,0.4332705023407312
38,40.7564855925074,-0.0857599920598913,0.3096501290085413,2022-03,Nagpur,1,3.0,8.976271957890464,84,2022.0,"{""type"":""MultiPoint"",""coordinates"":[]}",0.28480078188568964,0.03842412275006996,0.6467121522717495
39,44.27674960880302,-0.1191647443024952,0.2200884197196315,2022-04,Nagpur,1,4.0,2.6241064627738644,85,2022.0,"{""type"":""MultiPoint"",""coordinates"":[]}",0.23835460675213968,0.04214303427703161,-0.4334331247350037
40,42.77455518460662,-0.0955516431040974,0.2054391299750755,2022-05,Nagpur,1,5.0,11.59267737620256,91,2022.0,"{""type"":""MultiPoint"",""coordinates"":[]}",0.23462920990726377,0.050804426445525186,-0.5745578087273008
41,42.78454637732733,0.0432400825485206,0.1098794919284766,2022-06,Nagpur,1,6.0,218.6559573443496,84,2022.0,"{""type"":""MultiPoint"",""coordinates"":[]}",0.20436464460663298,0.06697170762862269,-1.4108219130696746
42,30.551499464671885,0.3364669216849483,0.0236295173787049,2022-07,Nagpur,1,7.0,572.9101137420862,84,2022.0,"{""type"":""MultiPoint"",""coordinates"":[]}",0.2667959308069386,0.18420211673613648,-1.3201065098321407
43,29.54852438464451,0.2521445686960562,0.1758015002085352,2022-08,Nagpur,1,8.0,469.3012949839842,93,2022.0,"{""type"":""MultiPoint"",""coordinates"":[]}",0.3610318247365963,0.1530554709437067,-1.2102169454379597
44,30.0610099138957,0.2285069209441977,0.2262710182136884,2022-09,Nagpur,1,9.0,307.68756796003896,84,2022.0,"{""type"":""MultiPoint"",""coordinates"":[]}",0.40594230047536284,0.14829261233836777,-1.2115996840874863
45,29.309109981097635,0.2010531875737995,0.4542754160272505,2022-10,Nagpur,1,10.0,129.39520062057773,85,2022.0,"{""type"":""MultiPoint"",""coordinates"":[]}",0.5590511633590886,0.05392796867420216,-1.942883255344276
46,28.498290946177946,0.1410492944870901,0.530791881339944,2022-11,Nagpur,1,11.0,1.3212305469267147,87,2022.0,"{""type"":""MultiPoint"",""coordinates"":[]}",0.5096088420266999,0.04177036828184972,0.5071307767819881
47,27.751224788576916,0.0708267233358075,0.4492160036473082,2022-12,Nagpur,1,12.0,7.204646510316508,87,2022.0,"{""type"":""MultiPoint"",""coordinates"":[]}",0.44322416902467127,0.022422581099388283,0.2672232334037753
48,27.00096183177308,0.0565828980737593,0.4138977615202225,2023-01,Nagpur,1,1.0,7.606575950081767,97,2023.0,"{""type"":""MultiPoint"",""coordinates"":[]}",0.3958898818673215,0.024464440394145377,0.7360838573364837
49,32.638796205139066,0.0043331142077036,0.4033432278665282,2023-02,Nagpur,1,2.0,6.4079549958115045,78,2023.0,"{""type"":""MultiPoint"",""coordinates"":[]}",0.3903991197571501,0.03122656814685427,0.41452227630342725
50,37.56118481501756,-0.0389733852181303,0.2476591956606467,2023-03,Nagpur,1,3.0,17.17493099986851,84,2023.0,"{""type"":""MultiPoint"",""coordinates"":[]}",0.28480078188568964,0.03842412275006996,-0.9666215795382161
51,40.26292157454901,-0.0523985015872702,0.1979259349772188,2023-04,Nagpur,1,4.0,41.025400967470375,84,2023.0,"{""type"":""MultiPoint"",""coordinates"":[]}",0.23835460675213968,0.04214303427703161,-0.9593203827982296
52,41.81733295155635,-0.023263354866752,0.2708018811967407,2023-05,Nagpur,1,5.0,24.841279596236323,90,2023.0,"{""type"":""MultiPoint"",""coordinates"":[]}",0.23462920990726377,0.050804426445525186,0.7119984186469049
53,42.821760799444014,0.0432274981845373,0.1876504306974429,2023-06,Nagpur,1,6.0,147.6704167944899,84,2023.0,"{""type"":""MultiPoint"",""coordinates"":[]}",0.20436464460663298,0.06697170762862269,-0.24957126674856786
54,32.528926876755705,0.207692697393223,0.0457590260770114,2023-07,Nagpur,1,7.0,534.4797534787542,84,2023.0,"{""type"":""MultiPoint"",""coordinates"":[]}",0.2667959308069386,0.18420211673613648,-1.199969406684698
55,29.88401198258597,0.1571577113042575,0.1778670102228841,2023-08,Nagpur,1,8.0,175.03900060845237,90,2023.0,"{""type"":""MultiPoint"",""coordinates"":[]}",0.3610318247365963,0.1530554709437067,-1.196721772729572
56,29.09539689304907,0.2775648094327274,0.2226901874795479,2023-09,Nagpur,1,9.0,356.6220887154021,84,2023.0,"{""type"":""MultiPoint"",""coordinates"":[]}",0.40594230047536284,0.14829261233836777,-1.2357467449401867
57,30.69690590200846,0.1883432668973922,0.6043307999675779,2023-10,Nagpur,1,10.0,8.281083573863254,87,2023.0,"{""type"":""MultiPoint"",""coordinates"":[]}",0.5590511633590886,0.05392796867420216,0.8396317851695759
58,28.942916303749016,0.148213518319423,0.4421093460958103,2023-11,Nagpur,1,11.0,26.267297607938676,91,2023.0,"{""type"":""MultiPoint"",""coordinates"":[]}",0.5096088420266999,0.04177036828184972,-1.6159660234602191
59,25.247177687596366,0.0920795909447957,0.4168301139680003,2023-12,Nagpur,1,12.0,5.9316734454342335,87,2023.0,"{""type"":""MultiPoint"",""coordinates"":[]}",0.44322416902467127,0.022422581099388283,-1.1771193931545658
60,25.57548435758224,0.0712818364825088,0.3649617016585991,2024-01,Nagpur,1,1.0,8.910083964257279,93,2024.0,"{""type"":""MultiPoint"",""coordinates"":[]}",0.3958898818673215,0.024464440394145377,-1.264209591980852
61,30.18398870088524,-0.0197400008477036,0.3913177625603217,2024-02,Nagpur,1,2.0,12.957043253222942,80,2024.0,"{""type"":""MultiPoint"",""coordinates"":[]}",0.3903991197571501,0.03122656814685427,0.02941862835683251
62,36.82509385502725,-0.1049118665628587,0.3061088417920847,2024-03,Nagpur,1,3.0,20.91657586067265,93,2024.0,"{""type"":""MultiPoint"",""coordinates"":[]}",0.28480078188568964,0.03842412275006996,0.5545490275729525
63,39.15202806780388,-0.1057243472259744,0.3062507370752274,2024-04,Nagpur,1,4.0,36.27674033760945,84,2024.0,"{""type"":""MultiPoint"",""coordinates"":[]}",0.23835460675213968,0.04214303427703161,1.6110878461376426
64,38.31495284852914,-0.0600542944296013,0.3169661644918778,2024-05,Nagpur,1,5.0,22.64677750852455,84,2024.0,"{""type"":""MultiPoint"",""coordinates"":[]}",0.23462920990726377,0.050804426445525186,1.6206649763657792
65,40.59049504328964,-0.0583953497693988,0.2419759195084851,2024-06,Nagpur,1,6.0,169.3914277745296,84,2024.0,"{""type"":""MultiPoint"",""coordinates"":[]}",0.20436464460663298,0.06697170762862269,0.5615994609308369
66,26.693380961629074,0.1336064881831143,0.3281173976755243,2024-07,Nagpur,1,7.0,397.7112803746302,93,2024.0,"{""type"":""MultiPoint"",""coordinates"":[]}",0.2667959308069386,0.18420211673613648,0.3329031606972611
67,27.57256083001065,0.1553686215371358,0.40432986545976,2024-08,Nagpur,1,8.0,275.4262005013011,94,2024.0,"{""type"":""MultiPoint"",""coordinates"":[]}",0.3610318247365963,0.1530554709437067,0.28289116655678787
68,29.1612149605262,0.1846290139339231,0.486962213455181,2024-09,Nagpur,1,9.0,238.99617024841203,76,2024.0,"{""type"":""MultiPoint"",""coordinates"":[]}",0.40594230047536284,0.14829261233836777,0.5463516469380845
69,29.65343317418804,0.1909509285965761,0.5734739803215659,2024-10,Nagpur,1,10.0,46.146203846133744,84,2024.0,"{""type"":""MultiPoint"",""coordinates"":[]}",0.5590511633590886,0.05392796867420216,0.2674459527598878
70,27.165326482210485,0.1332698182181228,0.5175413430844482,2024-11,Nagpur,1,11.0,3.9384647483095714,92,2024.0,"{""type"":""MultiPoint"",""coordinates"":[]}",0.5096088420266999,0.04177036828184972,0.18990737654556938
71,25.378963418846947,0.0676842484237696,0.4143083964928041,2024-12,Nagpur,1,12.0,6.296889286015226,110,2024.0,"{""type"":""MultiPoint"",""coordinates"":[]}",0.44322416902467127,0.022422581099388283,-1.289582693611309
72,25.556484137659837,0.0345492100540564,0.4481863661534248,2025-01,Nagpur,1,1.0,8.414750448252914,85,2025.0,"{""type"":""MultiPoint"",""coordinates"":[]}",0.3958898818673215,0.024464440394145377,2.1376529952681214
73,30.843478121894897,-0.0343912530296374,0.381515671942087,2025-02,Nagpur,1,2.0,6.656391813424057,78,2025.0,"{""type"":""MultiPoint"",""coordinates"":[]}",0.3903991197571501,0.03122656814685427,-0.28448364140706794
74,36.70298769149956,-0.0931120432756856,0.266083760124815,2025-03,Nagpur,1,3.0,9.077604997652552,105,2025.0,"{""type"":""MultiPoint"",""coordinates"":[]}",0.28480078188568964,0.03842412275006996,-0.48711643679205563
75,40.85737897323479,-0.1277382719886849,0.2263634969136101,2025-04,Nagpur,1,4.0,9.639048067411473,106,2025.0,"{""type"":""MultiPoint"",""coordinates"":[]}",0.23835460675213968,0.04214303427703161,-0.28453361378074427
76,38.08339098418199,-0.1201906278087276,0.2294983745132414,2025-05,Nagpur,1,5.0,57.77581291315644,98,2025.0,"{""type"":""MultiPoint"",""coordinates"":[]}",0.23462920990726377,0.050804426445525186,-0.10099189682859397
77,37.23451307788945,-0.0488840575366072,0.272010507255657,2025-06,Nagpur,1,6.0,138.50795838418142,102,2025.0,"{""type"":""MultiPoint"",""coordinates"":[]}",0.20436464460663298,0.06697170762862269,1.0100662659542703
78,29.330894393593763,0.0937379649178916,0.2808221617875439,2025-07,Nagpur,1,7.0,431.71966962788304,113,2025.0,"{""type"":""MultiPoint"",""coordinates"":[]}",0.2667959308069386,0.18420211673613648,0.07614587296354151
79,28.21762926007506,0.146902125765468,0.3988155225588398,2025-08,Nagpur,1,8.0,347.4986323572825,103,2025.0,"{""type"":""MultiPoint"",""coordinates"":[]}",0.3610318247365963,0.1530554709437067,0.24686277196938763
80,27.98711789668573,0.1858668634868856,0.4715811078344383,2025-09,Nagpur,1,9.0,256.1040792748358,95,2025.0,"{""type"":""MultiPoint"",""coordinates"":[]}",0.40594230047536284,0.14829261233836777,0.4426303261102692
81,28.015347088256625,0.1997514219866776,0.5894232880811919,2025-10,Nagpur,1,10.0,121.25176732774312,107,2025.0,"{""type"":""MultiPoint"",""coordinates"":[]}",0.5590511633590886,0.05392796867420216,0.5631980115103551
82,24.244321194369025,0.1740578212932118,0.5754523341166105,2025-11,Nagpur,1,11.0,20.925833641265204,113,2025.0,"{""type"":""MultiPoint"",""coordinates"":[]}",0.5096088420266999,0.04177036828184972,1.5763206023376444
83,21.822425620755897,0.1048015791985138,0.5209243908524243,2025-12,Nagpur,1,12.0,3.993055851378876,107,2025.0,"{""type"":""MultiPoint"",""coordinates"":[]}",0.44322416902467127,0.022422581099388283,3.465266620437054
84,22.374712825745444,0.0657738252286227,0.4632739087382229,2026-01,Nagpur,1,1.0,16.047502029830262,100,2026.0,"{""type"":""MultiPoint"",""coordinates"":[]}",0.3958898818673215,0.024464440394145377,2.754366165147484
85,27.06248221685333,0.0153745504668905,0.4157528959224794,2026-02,Nagpur,1,2.0,11.149362245548971,79,2026.0,"{""type"":""MultiPoint"",""coordinates"":[]}",0.3903991197571501,0.03122656814685427,0.8119296378037434
86,34.12001627599065,-0.071983277901156,0.311558116332296,2026-03,Nagpur,1,3.0,19.98291559909879,126,2026.0,"{""type"":""MultiPoint"",""coordinates"":[]}",0.28480078188568964,0.03842412275006996,0.6963681284449796
87,39.292273443833736,-0.1210872366018725,0.242639380351556,2026-04,Nagpur,1,4.0,19.21861254113296,117,2026.0,"{""type"":""MultiPoint"",""coordinates"":[]}",0.23835460675213968,0.04214303427703161,0.10167216653765151
88,39.10018371053345,-0.1238492693941558,0.212426854213908,2026-05,Nagpur,1,5.0,27.046442673286933,102,2026.0,"{""type"":""MultiPoint"",""coordinates"":[]}",0.23462920990726377,0.050804426445525186,-0.4370161666358372
89,38.36089708977178,-0.1099012888115974,0.2089247062626666,2026-06,Nagpur,1,6.0,145.31396513072164,120,2026.0,"{""type"":""MultiPoint"",""coordinates"":[]}",0.20436464460663298,0.06697170762862269,0.06808937411780612
0,30.560166333308132,0.0225329342849875,0.4234074361437869,2019-01,Kolhapur,1,1.0,0.0614991873282857,30,2019.0,"{""type"":""MultiPoint"",""coordinates"":[]}",0.4281304506247185,0.02705254564236824,-0.1745866929999618
1,35.00092710931936,-0.0096340206878012,0.390817910702684,2019-02,Kolhapur,1,2.0,0.0035480440181027,27,2019.0,"{""type"":""MultiPoint"",""coordinates"":[]}",0.3957704386882839,0.016195495330060206,-0.3057966357106444
2,39.34078097649889,-0.0101244437038706,0.3767024636686392,2019-03,Kolhapur,1,3.0,3.663170896346754,35,2019.0,"{""type"":""MultiPoint"",""coordinates"":[]}",0.36440905356191705,0.026184826993263195,0.4694860160765993
3,41.16980858722291,0.0090321863532586,0.4081744267105761,2019-04,Kolhapur,1,4.0,24.99891704389935,30,2019.0,"{""type"":""MultiPoint"",""coordinates"":[]}",0.39743998562606797,0.03280810222450265,0.3271887234151299
4,39.47466423447175,0.0410673900113862,0.4330902645650493,2019-05,Kolhapur,1,5.0,16.372592090655804,30,2019.0,"{""type"":""MultiPoint"",""coordinates"":[]}",0.43201989460575757,0.03918206438765337,0.027317855146728832
5,33.66783480122903,0.0778439356191914,0.314168483500076,2019-06,Kolhapur,1,6.0,398.3959788384196,30,2019.0,"{""type"":""MultiPoint"",""coordinates"":[]}",0.3453538141813975,0.08645175629561926,-0.3607252416559842
6,27.967577283470742,0.1888141540870015,0.4012360941560325,2019-07,Kolhapur,1,7.0,454.19140556485286,30,2019.0,"{""type"":""MultiPoint"",""coordinates"":[]}",0.24921554664281773,0.19060567866065833,0.79756567895263
7,27.77301959746896,0.1873192355047715,0.49232525418722,2019-08,Kolhapur,1,8.0,269.44421705052514,30,2019.0,"{""type"":""MultiPoint"",""coordinates"":[]}",0.36232107039602823,0.19044943715333892,0.6826178419551846
8,28.85624677621763,0.1892104767795269,0.521528221898098,2019-09,Kolhapur,1,9.0,266.6952069554424,33,2019.0,"{""type"":""MultiPoint"",""coordinates"":[]}",0.4242920277152968,0.16010106548039374,0.6073425800823851
9,27.08675367149671,0.1945369696026424,0.5339576737997683,2019-10,Kolhapur,1,10.0,290.2849555662345,32,2019.0,"{""type"":""MultiPoint"",""coordinates"":[]}",0.504455639598,0.11153097086207567,0.264518760786651
10,28.764241676710625,0.1588070156298073,0.5207536138803559,2019-11,Kolhapur,1,11.0,27.04750011776404,30,2019.0,"{""type"":""MultiPoint"",""coordinates"":[]}",0.5039297263243945,0.08492590327930803,0.19810077851783675
11,29.06479957799696,0.0647979807562487,0.5045406676238631,2019-12,Kolhapur,1,12.0,5.571178542678062,35,2019.0,"{""type"":""MultiPoint"",""coordinates"":[]}",0.4885508811775427,0.023351454693843872,0.6847447688359969
12,30.077669175123223,0.0163284772646667,0.4258968423578956,2020-01,Kolhapur,1,1.0,0.0620945118092823,30,2020.0,"{""type"":""MultiPoint"",""coordinates"":[]}",0.4281304506247185,0.02705254564236824,-0.08256554840904651
13,33.40155633930337,-0.0112976555699967,0.375192517551917,2020-02,Kolhapur,1,2.0,0.0,30,2020.0,"{""type"":""MultiPoint"",""coordinates"":[]}",0.3957704386882839,0.016195495330060206,-1.2705953548807183
14,37.9490448304632,-0.0163692222230047,0.3882246083257588,2020-03,Kolhapur,1,3.0,4.272509347617231,32,2020.0,"{""type"":""MultiPoint"",""coordinates"":[]}",0.36440905356191705,0.026184826993263195,0.9095173617136737
15,38.76477853338522,0.0140249765193464,0.4176379561549828,2020-04,Kolhapur,1,4.0,36.25029304481157,30,2020.0,"{""type"":""MultiPoint"",""coordinates"":[]}",0.39743998562606797,0.03280810222450265,0.6156397096882369
16,36.89820116339413,0.066104594456298,0.4708612560835762,2020-05,Kolhapur,1,5.0,42.95164451343295,25,2020.0,"{""type"":""MultiPoint"",""coordinates"":[]}",0.43201989460575757,0.03918206438765337,0.9913046207452486
17,29.888499548829508,0.1450100056526928,0.4306959874001421,2020-06,Kolhapur,1,6.0,475.52470910665375,30,2020.0,"{""type"":""MultiPoint"",""coordinates"":[]}",0.3453538141813975,0.08645175629561926,0.9871652916676387
18,25.358233338582995,0.2086382928917889,0.3668090329082782,2020-07,Kolhapur,1,7.0,389.3792457051479,30,2020.0,"{""type"":""MultiPoint"",""coordinates"":[]}",0.24921554664281773,0.19060567866065833,0.6169463947336853
19,28.4961391125463,0.2235879618678205,0.5382477956819942,2020-08,Kolhapur,1,8.0,304.3247412352971,32,2020.0,"{""type"":""MultiPoint"",""coordinates"":[]}",0.36232107039602823,0.19044943715333892,0.9237450523118107
20,28.98497840498959,0.2001272350107886,0.523238874668055,2020-09,Kolhapur,1,9.0,321.5048230669738,30,2020.0,"{""type"":""MultiPoint"",""coordinates"":[]}",0.4242920277152968,0.16010106548039374,0.6180274107224814
21,29.30805774944647,0.1829194477417134,0.519022069259789,2020-10,Kolhapur,1,10.0,184.8774340188196,35,2020.0,"{""type"":""MultiPoint"",""coordinates"":[]}",0.504455639598,0.11153097086207567,0.13060434737721885
22,28.97030517754815,0.1162211477410297,0.5786454793790788,2020-11,Kolhapur,1,11.0,7.914199899474588,30,2020.0,"{""type"":""MultiPoint"",""coordinates"":[]}",0.5039297263243945,0.08492590327930803,0.879775783001753
23,29.09656929640918,0.0419238261673484,0.4948439648846192,2020-12,Kolhapur,1,12.0,4.897275761815917,32,2020.0,"{""type"":""MultiPoint"",""coordinates"":[]}",0.4885508811775427,0.023351454693843872,0.2694942901666647
24,30.580660503774503,0.0120347358937208,0.4385998315108127,2021-01,Kolhapur,1,1.0,3.176294833556756,30,2021.0,"{""type"":""MultiPoint"",""coordinates"":[]}",0.4281304506247185,0.02705254564236824,0.38700169013660757
25,33.324412312109864,0.0006026689439902501,0.4024804228549964,2021-02,Kolhapur,1,2.0,0.0003816915287012642,30,2021.0,"{""type"":""MultiPoint"",""coordinates"":[]}",0.3957704386882839,0.016195495330060206,0.41431175953342025
26,38.10412260966756,-0.0148569538864033,0.3821972669162539,2021-03,Kolhapur,1,3.0,1.1352718909824355,30,2021.0,"{""type"":""MultiPoint"",""coordinates"":[]}",0.36440905356191705,0.026184826993263195,0.6793328578765622
27,36.74303478634478,0.0230685642020699,0.4373307950209874,2021-04,Kolhapur,1,4.0,37.01566437379974,30,2021.0,"{""type"":""MultiPoint"",""coordinates"":[]}",0.39743998562606797,0.03280810222450265,1.2158828670415154
28,34.09712026283747,0.087820138776523,0.4492452458889217,2021-05,Kolhapur,1,5.0,208.4183982270177,30,2021.0,"{""type"":""MultiPoint"",""coordinates"":[]}",0.43201989460575757,0.03918206438765337,0.4396233723864731
29,28.346259456139038,0.1560577677018976,0.4081751180261102,2021-06,Kolhapur,1,6.0,299.2681384304086,30,2021.0,"{""type"":""MultiPoint"",""coordinates"":[]}",0.3453538141813975,0.08645175629561926,0.7266631302422252
30,26.764350039258865,0.2146589800552544,0.4620707172251991,2021-07,Kolhapur,1,7.0,709.30831198397,30,2021.0,"{""type"":""MultiPoint"",""coordinates"":[]}",0.24921554664281773,0.19060567866065833,1.1167304776964937
31,29.14696948000532,0.193425555863563,0.4596856224517914,2021-08,Kolhapur,1,8.0,144.6446027293313,30,2021.0,"{""type"":""MultiPoint"",""coordinates"":[]}",0.36232107039602823,0.19044943715333892,0.5112357038754115
32,27.77275605891897,0.1829019549935043,0.4717163733443661,2021-09,Kolhapur,1,9.0,126.34383979086914,29,2021.0,"{""type"":""MultiPoint"",""coordinates"":[]}",0.4242920277152968,0.16010106548039374,0.2962150532026097
33,29.344282186672704,0.169447597935448,0.5643527927503793,2021-10,Kolhapur,1,10.0,105.48564710731812,37,2021.0,"{""type"":""MultiPoint"",""coordinates"":[]}",0.504455639598,0.11153097086207567,0.5370450260533541
34,27.72068587387025,0.1177643192434931,0.511829729114182,2021-11,Kolhapur,1,11.0,105.74699856551084,30,2021.0,"{""type"":""MultiPoint"",""coordinates"":[]}",0.5039297263243945,0.08492590327930803,0.09302229926016395
35,27.256829377367996,0.0922672133662327,0.5167914916316539,2021-12,Kolhapur,1,12.0,29.19036758285367,30,2021.0,"{""type"":""MultiPoint"",""coordinates"":[]}",0.4885508811775427,0.023351454693843872,1.2093726418490023
36,28.2111757391595,0.0282726300885465,0.4530353689010547,2022-01,Kolhapur,1,1.0,0.075304236243682,30,2022.0,"{""type"":""MultiPoint"",""coordinates"":[]}",0.4281304506247185,0.02705254564236824,0.9206127440122118
37,33.43464944893865,-0.0139544958156261,0.4192688302842914,2022-02,Kolhapur,1,2.0,0.0,30,2022.0,"{""type"":""MultiPoint"",""coordinates"":[]}",0.3957704386882839,0.016195495330060206,1.4509214517442102
38,36.40672063889837,0.0252027584799666,0.3208257132427,2022-03,Kolhapur,1,3.0,11.510001381551712,30,2022.0,"{""type"":""MultiPoint"",""coordinates"":[]}",0.36440905356191705,0.026184826993263195,-1.6644501921066785
39,34.85118055578571,0.0982732359457183,0.3617226702865916,2022-04,Kolhapur,1,4.0,74.51610281444978,30,2022.0,"{""type"":""MultiPoint"",""coordinates"":[]}",0.39743998562606797,0.03280810222450265,-1.0886736177260803
40,33.32114989241515,0.1711343567346856,0.3631436905995931,2022-05,Kolhapur,1,5.0,87.79069755721568,30,2022.0,"{""type"":""MultiPoint"",""coordinates"":[]}",0.43201989460575757,0.03918206438765337,-1.7578503093846167
41,32.32306151338106,0.172783090088407,0.2284757578452125,2022-06,Kolhapur,1,6.0,164.81884848486297,30,2022.0,"{""type"":""MultiPoint"",""coordinates"":[]}",0.3453538141813975,0.08645175629561926,-1.351945424179977
42,28.22810376507364,0.4629692711467572,0.0271500419963502,2022-07,Kolhapur,1,7.0,478.8158100097148,30,2022.0,"{""type"":""MultiPoint"",""coordinates"":[]}",0.24921554664281773,0.19060567866065833,-1.165051882015636
43,27.15020275478252,0.3165720637328419,0.0578167698296408,2022-08,Kolhapur,1,8.0,310.906457422118,30,2022.0,"{""type"":""MultiPoint"",""coordinates"":[]}",0.36232107039602823,0.19044943715333892,-1.5988721474730225
44,28.034262686025507,0.3562047219255223,0.1900149484973033,2022-09,Kolhapur,1,9.0,261.36457544739915,30,2022.0,"{""type"":""MultiPoint"",""coordinates"":[]}",0.4242920277152968,0.16010106548039374,-1.4633074334329366
45,28.003369816572484,0.2467659971667533,0.2823520909197838,2022-10,Kolhapur,1,10.0,189.6368279957551,37,2022.0,"{""type"":""MultiPoint"",""coordinates"":[]}",0.504455639598,0.11153097086207567,-1.9914069335313118
46,28.548407114972868,0.1302690741829075,0.5094573614049357,2022-11,Kolhapur,1,11.0,10.902802069308308,32,2022.0,"{""type"":""MultiPoint"",""coordinates"":[]}",0.5039297263243945,0.08492590327930803,0.06508773963064822
47,29.521121876410746,0.0535233801156752,0.469587937692995,2022-12,Kolhapur,1,12.0,4.169631482849465,42,2022.0,"{""type"":""MultiPoint"",""coordinates"":[]}",0.4885508811775427,0.023351454693843872,-0.8120669026048676
48,29.85375154393509,0.0130853836646953,0.4492646470924877,2023-01,Kolhapur,1,1.0,0.0621527603981414,35,2023.0,"{""type"":""MultiPoint"",""coordinates"":[]}",0.4281304506247185,0.02705254564236824,0.7812276429420367
49,33.87430552002616,0.0014475571534614,0.3821320908881592,2023-02,Kolhapur,1,2.0,0.0,32,2023.0,"{""type"":""MultiPoint"",""coordinates"":[]}",0.3957704386882839,0.016195495330060206,-0.8421074824930337
50,36.82078179520203,0.0228836954649077,0.3444062340186501,2023-03,Kolhapur,1,3.0,2.769861224871065,30,2023.0,"{""type"":""MultiPoint"",""coordinates"":[]}",0.36440905356191705,0.026184826993263195,-0.7639087914697027
51,38.62859192354725,0.06565821941214,0.3536624639360145,2023-04,Kolhapur,1,4.0,18.86316751207384,30,2023.0,"{""type"":""MultiPoint"",""coordinates"":[]}",0.39743998562606797,0.03280810222450265,-1.3343509292457127
52,37.11584628394195,0.0754777256676323,0.4149022185108827,2023-05,Kolhapur,1,5.0,37.78915335397242,30,2023.0,"{""type"":""MultiPoint"",""coordinates"":[]}",0.43201989460575757,0.03918206438765337,-0.436875299002081
53,32.807394952240216,0.1493358580024467,0.2694528687850536,2023-06,Kolhapur,1,6.0,76.47444411996526,30,2023.0,"{""type"":""MultiPoint"",""coordinates"":[]}",0.3453538141813975,0.08645175629561926,-0.8779572405308093
54,24.90002421331293,0.3760708935351318,0.0290451094894559,2023-07,Kolhapur,1,7.0,499.7212373694175,30,2023.0,"{""type"":""MultiPoint"",""coordinates"":[]}",0.24921554664281773,0.19060567866065833,-1.155109536612173
55,27.38305522528782,0.2283155799624596,0.197988402269945,2023-08,Kolhapur,1,8.0,97.69760620389438,30,2023.0,"{""type"":""MultiPoint"",""coordinates"":[]}",0.36232107039602823,0.19044943715333892,-0.8628677016974959
56,27.29374798095646,0.2360782018184297,0.2587883615545199,2023-09,Kolhapur,1,9.0,126.06544427657222,30,2023.0,"{""type"":""MultiPoint"",""coordinates"":[]}",0.4242920277152968,0.16010106548039374,-1.0337449389494835
57,29.495331120128714,0.2502050082626664,0.538853816303996,2023-10,Kolhapur,1,10.0,38.08557298418143,35,2023.0,"{""type"":""MultiPoint"",""coordinates"":[]}",0.504455639598,0.11153097086207567,0.30841815901104597
58,28.138721157952183,0.1885454535876699,0.3405530559176202,2023-11,Kolhapur,1,11.0,62.91871004998643,32,2023.0,"{""type"":""MultiPoint"",""coordinates"":[]}",0.5039297263243945,0.08492590327930803,-1.9237554632707754
59,27.80581615349196,0.1155528513602427,0.4530726818581616,2023-12,Kolhapur,1,12.0,1.997792142873129,30,2023.0,"{""type"":""MultiPoint"",""coordinates"":[]}",0.4885508811775427,0.023351454693843872,-1.5193143118717232
60,28.47248572699893,0.0559978244621773,0.3785785777422733,2024-01,Kolhapur,1,1.0,0.6097594363150871,32,2024.0,"{""type"":""MultiPoint"",""coordinates"":[]}",0.4281304506247185,0.02705254564236824,-1.8316898356818478
61,32.81011115432274,-0.0087564540763262,0.4047308598476552,2024-02,Kolhapur,1,2.0,0.0,32,2024.0,"{""type"":""MultiPoint"",""coordinates"":[]}",0.3957704386882839,0.016195495330060206,0.553266261806766
62,36.25458342741472,-0.0108279378741614,0.3740980351995002,2024-03,Kolhapur,1,3.0,1.1599414974561637,30,2024.0,"{""type"":""MultiPoint"",""coordinates"":[]}",0.36440905356191705,0.026184826993263195,0.3700227479095397
63,38.72993056660254,0.0169945575844567,0.4061116016472553,2024-04,Kolhapur,1,4.0,30.287268920919264,30,2024.0,"{""type"":""MultiPoint"",""coordinates"":[]}",0.39743998562606797,0.03280810222450265,0.2643132468269057
64,34.260038410140574,0.0590581420741439,0.4608766919865222,2024-05,Kolhapur,1,5.0,101.9090677167958,30,2024.0,"{""type"":""MultiPoint"",""coordinates"":[]}",0.43201989460575757,0.03918206438765337,0.7364797601082417
65,30.254189601987825,0.095870439821377,0.4211546695317906,2024-06,Kolhapur,1,6.0,284.85332189199767,30,2024.0,"{""type"":""MultiPoint"",""coordinates"":[]}",0.3453538141813975,0.08645175629561926,0.8767994844569067
66,25.576436622892743,0.2879863810709985,0.2089822840815904,2024-07,Kolhapur,1,7.0,508.0087027000075,30,2024.0,"{""type"":""MultiPoint"",""coordinates"":[]}",0.24921554664281773,0.19060567866065833,-0.2110811327550002
67,26.78662795395453,0.186957949660559,0.4278625779555782,2024-08,Kolhapur,1,8.0,404.6112349676599,35,2024.0,"{""type"":""MultiPoint"",""coordinates"":[]}",0.36232107039602823,0.19044943715333892,0.3441412510281126
68,26.801405291015836,0.1958346605053926,0.5804653863294384,2024-09,Kolhapur,1,9.0,179.44393796814862,32,2024.0,"{""type"":""MultiPoint"",""coordinates"":[]}",0.4242920277152968,0.16010106548039374,0.9754673283749441
69,27.501580322290568,0.1995397137446075,0.5881953945542837,2024-10,Kolhapur,1,10.0,217.29085784579007,30,2024.0,"{""type"":""MultiPoint"",""coordinates"":[]}",0.504455639598,0.11153097086207567,0.7508206403030433
70,26.125271031294712,0.1530192821195902,0.5623391182501941,2024-11,Kolhapur,1,11.0,17.002082134280926,34,2024.0,"{""type"":""MultiPoint"",""coordinates"":[]}",0.5039297263243945,0.08492590327930803,0.6877688628603722
71,26.2010284914071,0.0570010732362837,0.4924685433739635,2024-12,Kolhapur,1,12.0,8.06172715547218,39,2024.0,"{""type"":""MultiPoint"",""coordinates"":[]}",0.4885508811775427,0.023351454693843872,0.16776951362493162
72,26.840762570679782,0.0205306865049361,0.44757943198164,2025-01,Kolhapur,1,1.0,1.1649661358867904,28,2025.0,"{""type"":""MultiPoint"",""coordinates"":[]}",0.4281304506247185,0.02705254564236824,0.7189335012695285
73,31.154142777496304,-0.0241282946704221,0.398476933293282,2025-02,Kolhapur,1,2.0,1.710872139539562,31,2025.0,"{""type"":""MultiPoint"",""coordinates"":[]}",0.3957704386882839,0.016195495330060206,0.16711403694918972
74,34.06273176943393,-0.015081693190467,0.3911089977605067,2025-03,Kolhapur,1,3.0,7.500467837096487,35,2025.0,"{""type"":""MultiPoint"",""coordinates"":[]}",0.36440905356191705,0.026184826993263195,1.019672354736543
75,34.29565329547835,0.0375497972306863,0.434412363371332,2025-04,Kolhapur,1,4.0,39.11234861794946,35,2025.0,"{""type"":""MultiPoint"",""coordinates"":[]}",0.39743998562606797,0.03280810222450265,1.1269282658370678
76,32.57554671894039,0.0656012597667534,0.442276773857585,2025-05,Kolhapur,1,5.0,191.3832082443107,40,2025.0,"{""type"":""MultiPoint"",""coordinates"":[]}",0.43201989460575757,0.03918206438765337,0.26177485571841086
77,25.958747436894345,0.1640199836886502,0.4372125023188624,2025-06,Kolhapur,1,6.0,355.96887609930104,35,2025.0,"{""type"":""MultiPoint"",""coordinates"":[]}",0.3453538141813975,0.08645175629561926,1.0625427645837153
78,23.29683440080429,0.2085646731679165,0.3490467107134102,2025-07,Kolhapur,1,7.0,283.8861286066842,40,2025.0,"{""type"":""MultiPoint"",""coordinates"":[]}",0.24921554664281773,0.19060567866065833,0.5237575541929432
79,23.329642656748625,0.1897040678843109,0.3947154413633791,2025-08,Kolhapur,1,8.0,383.8827300417343,40,2025.0,"{""type"":""MultiPoint"",""coordinates"":[]}",0.36232107039602823,0.19044943715333892,0.17009433816949948
80,24.578970943438406,0.1929634742177484,0.4645006835858781,2025-09,Kolhapur,1,9.0,177.9298974773424,44,2025.0,"{""type"":""MultiPoint"",""coordinates"":[]}",0.4242920277152968,0.16010106548039374,0.2511454608370819
81,25.85100025461307,0.1800594201451614,0.5089681417612286,2025-10,Kolhapur,1,10.0,117.44251773110716,35,2025.0,"{""type"":""MultiPoint"",""coordinates"":[]}",0.504455639598,0.11153097086207567,0.040459633125663315
82,24.828104176929177,0.1393062544988591,0.564347622260671,2025-11,Kolhapur,1,11.0,17.466209604905515,40,2025.0,"{""type"":""MultiPoint"",""coordinates"":[]}",0.5039297263243945,0.08492590327930803,0.7114189381957061
83,23.796392980213696,0.065968786171444,0.4845628604166372,2025-12,Kolhapur,1,12.0,0.8184162641394562,37,2025.0,"{""type"":""MultiPoint"",""coordinates"":[]}",0.4885508811775427,0.023351454693843872,-0.17078254066787735
84,24.857293222479417,0.0101290720620401,0.4173371553491766,2026-01,Kolhapur,1,1.0,0.2232285699041277,35,2026.0,"{""type"":""MultiPoint"",""coordinates"":[]}",0.4281304506247185,0.02705254564236824,-0.3989752172763374
85,27.735446007811618,-0.0042048306278667,0.393558854840948,2026-02,Kolhapur,1,2.0,1.5561238439737346,30,2026.0,"{""type"":""MultiPoint"",""coordinates"":[]}",0.3957704386882839,0.016195495330060206,-0.13655549288640767
86,31.18505141619068,-0.004219033354474,0.4063218420391629,2026-03,Kolhapur,1,3.0,14.645893668897424,35,2026.0,"{""type"":""MultiPoint"",""coordinates"":[]}",0.36440905356191705,0.026184826993263195,1.6006517242993092
87,33.01400108828202,0.0358858950299029,0.4541453939235031,2026-04,Kolhapur,1,4.0,32.77346469615656,40,2026.0,"{""type"":""MultiPoint"",""coordinates"":[]}",0.39743998562606797,0.03280810222450265,1.7283964768643292
88,31.553615569023425,0.0742956716297728,0.441573185419854,2026-05,Kolhapur,1,5.0,101.45682240528014,35,2026.0,"{""type"":""MultiPoint"",""coordinates"":[]}",0.43201989460575757,0.03918206438765337,0.24381795506177512
89,29.40053598722453,0.1077914074862589,0.4316103489545173,2026-06,Kolhapur,1,6.0,207.2353154064226,40,2026.0,"{""type"":""MultiPoint"",""coordinates"":[]}",0.3453538141813975,0.08645175629561926,0.9977418443434288
