system:index,LST_celsius,NDMI,NDVI,date,district,is_complete_month,month,rainfall_mm,sentinel_image_count,year,.geo
0,31.299317419124332,0.011145217222416945,0.3228662383818048,2019-01,Pune_Baramati,1,1.0,7.179549215499116E-4,53,2019.0,"{""type"":""MultiPoint"",""coordinates"":[]}"
1,35.701050830265885,-0.017381930355299086,0.2900047559463604,2019-02,Pune_Baramati,1,2.0,0.053961766986178966,48,2019.0,"{""type"":""MultiPoint"",""coordinates"":[]}"
2,42.56800743366793,-0.03605745045279847,0.26357151313120303,2019-03,Pune_Baramati,1,3.0,0.0,66,2019.0,"{""type"":""MultiPoint"",""coordinates"":[]}"
3,45.44401465604473,-0.05042470394017899,0.25205000987385456,2019-04,Pune_Baramati,1,4.0,7.421452857259333,55,2019.0,"{""type"":""MultiPoint"",""coordinates"":[]}"
4,45.22699903493918,-0.03933870165118283,0.24301051551576242,2019-05,Pune_Baramati,1,5.0,0.10369934806778147,55,2019.0,"{""type"":""MultiPoint"",""coordinates"":[]}"
5,38.836821303053924,-0.03605971669089546,0.18432729594864775,2019-06,Pune_Baramati,1,6.0,164.72106523474775,57,2019.0,"{""type"":""MultiPoint"",""coordinates"":[]}"
6,32.46441580145481,0.07030218700466977,0.3236074507926658,2019-07,Pune_Baramati,1,7.0,345.3969307184776,56,2019.0,"{""type"":""MultiPoint"",""coordinates"":[]}"
7,30.8959396747745,0.1141187863546043,0.3700390563305765,2019-08,Pune_Baramati,1,8.0,129.05747355161625,57,2019.0,"{""type"":""MultiPoint"",""coordinates"":[]}"
8,31.120673280337407,0.11262693748118227,0.4031943425625997,2019-09,Pune_Baramati,1,9.0,334.609965725404,55,2019.0,"{""type"":""MultiPoint"",""coordinates"":[]}"
9,29.13823870012824,0.15269666346979152,0.4653656558980368,2019-10,Pune_Baramati,1,10.0,196.96988998746585,51,2019.0,"{""type"":""MultiPoint"",""coordinates"":[]}"
10,29.557815434076385,0.12232718992447716,0.4586642283499938,2019-11,Pune_Baramati,1,11.0,40.17335842176219,58,2019.0,"{""type"":""MultiPoint"",""coordinates"":[]}"
11,29.185837170253595,0.056482296991851796,0.4008748282583387,2019-12,Pune_Baramati,1,12.0,3.081531453843682,69,2019.0,"{""type"":""MultiPoint"",""coordinates"":[]}"
12,29.55416050796756,0.028841811234565546,0.3584518551557215,2020-01,Pune_Baramati,1,1.0,7.179564108534529E-4,60,2020.0,"{""type"":""MultiPoint"",""coordinates"":[]}"
13,33.59178857569246,-0.004822178944817091,0.3294854672761124,2020-02,Pune_Baramati,1,2.0,0.08052099758452803,65,2020.0,"{""type"":""MultiPoint"",""coordinates"":[]}"
14,38.73524833563554,-0.024665474545794094,0.3018154118347091,2020-03,Pune_Baramati,1,3.0,1.2263638082895194,56,2020.0,"{""type"":""MultiPoint"",""coordinates"":[]}"
15,43.45433814711053,-0.03756140889338739,0.29440123336824964,2020-04,Pune_Baramati,1,4.0,9.645923248940592,57,2020.0,"{""type"":""MultiPoint"",""coordinates"":[]}"
16,42.56795256514975,-0.023586543731307787,0.2933497939309125,2020-05,Pune_Baramati,1,5.0,16.231033708038122,50,2020.0,"{""type"":""MultiPoint"",""coordinates"":[]}"
17,33.165028981520706,0.07054394834740257,0.3261568719154847,2020-06,Pune_Baramati,1,6.0,275.0635840998798,54,2020.0,"{""type"":""MultiPoint"",""coordinates"":[]}"
18,29.11930821904667,0.1196252052905109,0.3723871711402303,2020-07,Pune_Baramati,1,7.0,283.0214835898876,58,2020.0,"{""type"":""MultiPoint"",""coordinates"":[]}"
19,29.466439077897327,0.16177061257547987,0.391408689597168,2020-08,Pune_Baramati,1,8.0,191.63302328727843,54,2020.0,"{""type"":""MultiPoint"",""coordinates"":[]}"
20,31.460806574154375,0.14454840549697126,0.4393473456912525,2020-09,Pune_Baramati,1,9.0,332.9063709126156,54,2020.0,"{""type"":""MultiPoint"",""coordinates"":[]}"
21,30.50590293479114,0.13705306682763915,0.4717200974289899,2020-10,Pune_Baramati,1,10.0,213.9588715706765,62,2020.0,"{""type"":""MultiPoint"",""coordinates"":[]}"
22,30.78517351725125,0.0818626247863773,0.45529765365998137,2020-11,Pune_Baramati,1,11.0,6.805287453219898,53,2020.0,"{""type"":""MultiPoint"",""coordinates"":[]}"
23,29.70273123558665,0.03358788765729412,0.4048007521415543,2020-12,Pune_Baramati,1,12.0,8.032336963137402,58,2020.0,"{""type"":""MultiPoint"",""coordinates"":[]}"
24,30.681637245078086,0.01609949657110636,0.3400604447224731,2021-01,Pune_Baramati,1,1.0,1.6574122025784923,56,2021.0,"{""type"":""MultiPoint"",""coordinates"":[]}"
25,33.77385310328215,-0.011542409680966977,0.35371855807457203,2021-02,Pune_Baramati,1,2.0,0.08285736918281522,54,2021.0,"{""type"":""MultiPoint"",""coordinates"":[]}"
26,39.72603177595294,-0.03343572675277372,0.2980126792655202,2021-03,Pune_Baramati,1,3.0,0.009363024069598797,54,2021.0,"{""type"":""MultiPoint"",""coordinates"":[]}"
27,41.24443362923819,-0.03980224623791576,0.28039922256074606,2021-04,Pune_Baramati,1,4.0,17.01342227722938,56,2021.0,"{""type"":""MultiPoint"",""coordinates"":[]}"
28,39.04078903754885,-0.02375786211074087,0.2848979019240337,2021-05,Pune_Baramati,1,5.0,73.57185232268094,60,2021.0,"{""type"":""MultiPoint"",""coordinates"":[]}"
29,31.096197866941313,0.062214284374005176,0.3393413058977328,2021-06,Pune_Baramati,1,6.0,143.0142021748259,61,2021.0,"{""type"":""MultiPoint"",""coordinates"":[]}"
30,34.0683199317683,0.12714062743357402,0.3900070375797094,2021-07,Pune_Baramati,1,7.0,272.6169116936892,63,2021.0,"{""type"":""MultiPoint"",""coordinates"":[]}"
31,31.613203012987764,0.1225135506566358,0.32648179617558226,2021-08,Pune_Baramati,1,8.0,143.40962668178557,62,2021.0,"{""type"":""MultiPoint"",""coordinates"":[]}"
32,30.271071575793048,0.10524113114203537,0.3425232813203717,2021-09,Pune_Baramati,1,9.0,222.86827917872355,56,2021.0,"{""type"":""MultiPoint"",""coordinates"":[]}"
33,31.097655148724773,0.12942384369963983,0.4962531316939018,2021-10,Pune_Baramati,1,10.0,99.05512800496604,62,2021.0,"{""type"":""MultiPoint"",""coordinates"":[]}"
34,29.5182644572213,0.09095668668551446,0.39246578091365814,2021-11,Pune_Baramati,1,11.0,44.53753673486112,54,2021.0,"{""type"":""MultiPoint"",""coordinates"":[]}"
35,27.621574733770686,0.06646870763890864,0.4237313782332912,2021-12,Pune_Baramati,1,12.0,28.83265138659363,62,2021.0,"{""type"":""MultiPoint"",""coordinates"":[]}"
36,28.358180897064592,0.03785166272221273,0.3612711545600655,2022-01,Pune_Baramati,1,1.0,0.006412605071234984,46,2022.0,"{""type"":""MultiPoint"",""coordinates"":[]}"
37,33.58274653975878,-0.01519372538013867,0.34873879228481564,2022-02,Pune_Baramati,1,2.0,0.047070523522651724,55,2022.0,"{""type"":""MultiPoint"",""coordinates"":[]}"
38,39.440240539672345,0.019157454495369892,0.2292349026887414,2022-03,Pune_Baramati,1,3.0,0.012797604667593152,54,2022.0,"{""type"":""MultiPoint"",""coordinates"":[]}"
39,41.835532637669615,0.046798332740990704,0.22405176052520956,2022-04,Pune_Baramati,1,4.0,6.671082091049136,53,2022.0,"{""type"":""MultiPoint"",""coordinates"":[]}"
40,38.822312515454605,0.013128414593113194,0.22199119720458058,2022-05,Pune_Baramati,1,5.0,14.343533976178454,54,2022.0,"{""type"":""MultiPoint"",""coordinates"":[]}"
41,36.99308628594733,0.062320369613362805,0.15029294098256765,2022-06,Pune_Baramati,1,6.0,110.36755089060142,54,2022.0,"{""type"":""MultiPoint"",""coordinates"":[]}"
42,29.571065444416693,0.3344444175812025,0.050465697801067785,2022-07,Pune_Baramati,1,7.0,334.621221791053,55,2022.0,"{""type"":""MultiPoint"",""coordinates"":[]}"
43,29.36520095595436,0.1759401614980168,0.1127112013913313,2022-08,Pune_Baramati,1,8.0,189.2425350142327,54,2022.0,"{""type"":""MultiPoint"",""coordinates"":[]}"
44,28.879491858782114,0.27159126013276474,0.16282495339909442,2022-09,Pune_Baramati,1,9.0,280.14535067499423,54,2022.0,"{""type"":""MultiPoint"",""coordinates"":[]}"
45,29.979562548807646,0.18997673921015354,0.2751013309360089,2022-10,Pune_Baramati,1,10.0,252.00778319995456,68,2022.0,"{""type"":""MultiPoint"",""coordinates"":[]}"
46,30.04803887876571,0.09095269040939116,0.4667872595580016,2022-11,Pune_Baramati,1,11.0,5.220670226092026,57,2022.0,"{""type"":""MultiPoint"",""coordinates"":[]}"
47,29.89845585334623,0.05759887953916045,0.3888683527509206,2022-12,Pune_Baramati,1,12.0,2.7750577142311297,54,2022.0,"{""type"":""MultiPoint"",""coordinates"":[]}"
48,29.35043481906552,0.029050787220062737,0.37296553052878156,2023-01,Pune_Baramati,1,1.0,0.006477702092051157,61,2023.0,"{""type"":""MultiPoint"",""coordinates"":[]}"
49,34.49949149237081,0.009574568447553281,0.34759409437257477,2023-02,Pune_Baramati,1,2.0,0.04707055184765693,59,2023.0,"{""type"":""MultiPoint"",""coordinates"":[]}"
50,36.50737940942511,0.032967466184825746,0.27096708217695425,2023-03,Pune_Baramati,1,3.0,4.077445630939156,54,2023.0,"{""type"":""MultiPoint"",""coordinates"":[]}"
51,40.22582435017363,0.002020584761665798,0.2557011894129731,2023-04,Pune_Baramati,1,4.0,20.467123439822487,54,2023.0,"{""type"":""MultiPoint"",""coordinates"":[]}"
52,41.44889135297067,0.003022056993018614,0.26436706060716225,2023-05,Pune_Baramati,1,5.0,14.880920399362912,54,2023.0,"{""type"":""MultiPoint"",""coordinates"":[]}"
53,37.328842565872876,0.045065741220497536,0.192001350077364,2023-06,Pune_Baramati,1,6.0,94.9848293972391,54,2023.0,"{""type"":""MultiPoint"",""coordinates"":[]}"
54,28.00613353026039,0.23127417509286305,0.04017059448263017,2023-07,Pune_Baramati,1,7.0,367.7442157761389,55,2023.0,"{""type"":""MultiPoint"",""coordinates"":[]}"
55,29.615175936726832,0.16778095461101647,0.09476966086965263,2023-08,Pune_Baramati,1,8.0,58.112140687639986,59,2023.0,"{""type"":""MultiPoint"",""coordinates"":[]}"
56,30.029490898889737,0.22420140858552573,0.2226574418046032,2023-09,Pune_Baramati,1,9.0,235.9952400130161,64,2023.0,"{""type"":""MultiPoint"",""coordinates"":[]}"
57,31.91413766202334,0.1530634187003804,0.43226923970374675,2023-10,Pune_Baramati,1,10.0,19.135142932343502,66,2023.0,"{""type"":""MultiPoint"",""coordinates"":[]}"
58,29.481032520304296,0.10105256140167423,0.2817647536186406,2023-11,Pune_Baramati,1,11.0,61.298284641733616,57,2023.0,"{""type"":""MultiPoint"",""coordinates"":[]}"
59,27.66447864483842,0.07758348890215382,0.4096812210897286,2023-12,Pune_Baramati,1,12.0,2.1073433670822896,55,2023.0,"{""type"":""MultiPoint"",""coordinates"":[]}"
60,28.41265144447527,0.05439179914725972,0.32616056476273864,2024-01,Pune_Baramati,1,1.0,0.006629983616181964,60,2024.0,"{""type"":""MultiPoint"",""coordinates"":[]}"
61,32.798796345554614,-0.012134360816944334,0.3409319100897133,2024-02,Pune_Baramati,1,2.0,0.37144406344317127,56,2024.0,"{""type"":""MultiPoint"",""coordinates"":[]}"
62,37.99672931373601,-0.024327258496458483,0.29599625971428734,2024-03,Pune_Baramati,1,3.0,0.0,54,2024.0,"{""type"":""MultiPoint"",""coordinates"":[]}"
63,42.150338494674116,-0.042639237053637695,0.28363358720095305,2024-04,Pune_Baramati,1,4.0,9.336891720560457,54,2024.0,"{""type"":""MultiPoint"",""coordinates"":[]}"
64,37.074945725255255,-0.023090628761816688,0.30010322966685665,2024-05,Pune_Baramati,1,5.0,42.43638750029795,55,2024.0,"{""type"":""MultiPoint"",""coordinates"":[]}"
65,34.51976697050161,0.02572201709901902,0.29858831968163313,2024-06,Pune_Baramati,1,6.0,211.55264209658003,54,2024.0,"{""type"":""MultiPoint"",""coordinates"":[]}"
66,28.66452730614892,0.125754056549149,0.29720079264400107,2024-07,Pune_Baramati,1,7.0,265.2203217245996,54,2024.0,"{""type"":""MultiPoint"",""coordinates"":[]}"
67,28.506072061824625,0.145024839658882,0.37427883008559937,2024-08,Pune_Baramati,1,8.0,234.9217683826077,63,2024.0,"{""type"":""MultiPoint"",""coordinates"":[]}"
68,29.17563589572581,0.12646523931500298,0.4605862478026839,2024-09,Pune_Baramati,1,9.0,211.69408686496507,54,2024.0,"{""type"":""MultiPoint"",""coordinates"":[]}"
69,29.59075739578773,0.13099557153012414,0.5122736903077812,2024-10,Pune_Baramati,1,10.0,124.69561018912309,58,2024.0,"{""type"":""MultiPoint"",""coordinates"":[]}"
70,27.291547020931613,0.10495204349760394,0.4709822389640853,2024-11,Pune_Baramati,1,11.0,8.682196316417517,60,2024.0,"{""type"":""MultiPoint"",""coordinates"":[]}"
71,26.905567701507426,0.054016619356134006,0.3657553821031103,2024-12,Pune_Baramati,1,12.0,7.768852088066338,67,2024.0,"{""type"":""MultiPoint"",""coordinates"":[]}"
72,27.207332949342977,0.02766908367857542,0.3692810627722242,2025-01,Pune_Baramati,1,1.0,0.8645963058394337,48,2025.0,"{""type"":""MultiPoint"",""coordinates"":[]}"
73,31.76724791290253,-0.012761072829191126,0.3302830684815898,2025-02,Pune_Baramati,1,2.0,1.6041534480810549,56,2025.0,"{""type"":""MultiPoint"",""coordinates"":[]}"
74,35.788748971053856,-0.022292851569952338,0.2844549122366655,2025-03,Pune_Baramati,1,3.0,0.0,63,2025.0,"{""type"":""MultiPoint"",""coordinates"":[]}"
75,39.01315850435171,-0.028705397174303985,0.29322149376484213,2025-04,Pune_Baramati,1,4.0,5.891540028936582,64,2025.0,"{""type"":""MultiPoint"",""coordinates"":[]}"
76,34.638149378073926,-0.004164330552136027,0.2839904811681395,2025-05,Pune_Baramati,1,5.0,131.1775999398997,72,2025.0,"{""type"":""MultiPoint"",""coordinates"":[]}"
77,28.077762689116028,0.11187142030766166,0.33103402375144814,2025-06,Pune_Baramati,1,6.0,189.49627168893429,64,2025.0,"{""type"":""MultiPoint"",""coordinates"":[]}"
78,27.768612271213623,0.1282303870919158,0.3087292668793223,2025-07,Pune_Baramati,1,7.0,133.70704853909746,71,2025.0,"{""type"":""MultiPoint"",""coordinates"":[]}"
79,26.76319577840823,0.12228318017970582,0.3819362005189957,2025-08,Pune_Baramati,1,8.0,238.99618721125648,73,2025.0,"{""type"":""MultiPoint"",""coordinates"":[]}"
80,27.18615546197819,0.11329142676731002,0.39636124001726103,2025-09,Pune_Baramati,1,9.0,415.4019793416866,72,2025.0,"{""type"":""MultiPoint"",""coordinates"":[]}"
81,28.733429078898606,0.11594039249804268,0.4832698398180045,2025-10,Pune_Baramati,1,10.0,110.88615585933614,64,2025.0,"{""type"":""MultiPoint"",""coordinates"":[]}"
82,26.057123125222116,0.0964886400542675,0.48061106416463745,2025-11,Pune_Baramati,1,11.0,14.533621831335957,75,2025.0,"{""type"":""MultiPoint"",""coordinates"":[]}"
83,23.919263879886785,0.0612086726617318,0.4152324694606522,2025-12,Pune_Baramati,1,12.0,3.834785286711127,66,2025.0,"{""type"":""MultiPoint"",""coordinates"":[]}"
84,24.433460395139658,0.021994728839380435,0.36568943198241044,2026-01,Pune_Baramati,1,1.0,7.237050040556041E-4,64,2026.0,"{""type"":""MultiPoint"",""coordinates"":[]}"
85,27.909377950881918,0.007636990633214734,0.3404560333757735,2026-02,Pune_Baramati,1,2.0,1.144294946874996,53,2026.0,"{""type"":""MultiPoint"",""coordinates"":[]}"
86,32.93703132113981,-0.013634353123514091,0.3098975754698858,2026-03,Pune_Baramati,1,3.0,1.366284552038871,64,2026.0,"{""type"":""MultiPoint"",""coordinates"":[]}"
87,36.392768929560475,-0.027210303456724316,0.31061528778312725,2026-04,Pune_Baramati,1,4.0,21.904361842876174,71,2026.0,"{""type"":""MultiPoint"",""coordinates"":[]}"
88,35.55256949376874,-0.017235585251584935,0.28949210574209033,2026-05,Pune_Baramati,1,5.0,15.439038700889105,68,2026.0,"{""type"":""MultiPoint"",""coordinates"":[]}"
89,32.62768453733869,-0.0029117694016544122,0.26730420266600374,2026-06,Pune_Baramati,1,6.0,121.96673632677985,78,2026.0,"{""type"":""MultiPoint"",""coordinates"":[]}"
